id	name	name_en	name_zh-CN	name_zh-TW	description	description_en	description_zh-CN	description_zh-TW
1	ヒーリングサルヴ	Healing Salve	治愈软膏	治癒軟膏	HPが最も減っている味方1人のHPを回復	Restores HP to the ally with the lowest HP.	恢复HP最低的1名我方的HP。	回復我方HP最低的1人的HP。
2	フラム	Bomb	炎烧	炎燒	現在HPが最も高い敵1体に火属性ダメージ	Deals Fire damage to the enemy with the highest current HP.	对当前HP最多的1名敌人造成火属性伤害。	對目前HP最高的1名敵人造成火屬性傷害。
3	うに袋	Uni Bag	海胆袋	海膽袋	敵全体に突属性ダメージ	Deals Stab damage to all enemies.	对敌方全体造成突刺属性伤害。	對敵方全體造成突屬性傷害。
4	ドライビスク	Dry Biscuit	饼干	餅乾	味方全員のHPを回復	Restores HP to all allies.	恢复我方全体HP。	回復全體HP。
5	魔女の秘薬	Witch's Potion	魔女的秘药	魔女的秘藥	敵全体に「火氷雷風属性耐性-{0}%」を2回攻撃を受けるまで付与	Reduces all enemies' Fire/Ice/Bolt/Air resistance by {0}% for 2 attacks.	赋予敌方全体“火冰雷风属性耐性-{0}%”，受到2次攻击后失效。	賦予敵方全體「火冰雷風屬性耐性-{0}%」，直到受2次攻擊為止。
6	ナントカの秘薬	Secret Remedy	总有办法秘药	總有辦法祕藥	味方全員に「火氷雷風属性スキルダメージ+{0}%」を2回行動終了するまで付与	All allies deal {0}% more Fire/Ice/Bolt/Air skill damage for 2 turns.	赋予我方全体“火冰雷风属性技能伤害+{0}%”，2次行动结束后失效。	賦予我方全體「火冰雷風屬性技能傷害+{0}%」，直到行動結束2次為止。
7	クラフト	Craft	诡雷	卡夫	現在HPが最も高い敵1体に突属性ダメージ	Deals Stab damage to the enemy with the highest current HP.	对当前HP最多的1名敌人造成突刺属性伤害。	對目前敵方HP最高的1位造成突屬性傷害。
8	ドナーストーン	Lightning Bomb	电导之石	電導之石	現在HPが最も高い敵1体に雷属性ダメージ	Deals Bolt damage to the enemy with the highest current HP.	对当前HP最多的1名敌人造成雷属性伤害。	對目前敵方HP最高的1位造成雷屬性傷害。
9	ヒーリングベル	Healing Bell	治愈之铃	治癒之鈴	味方全員のHPを15%回復	Restores 15% HP to all allies.	恢复我方全体15%的HP。	回復我方全體HP15%。
10	ヒーリングベル	Healing Bell	治愈之铃	治癒之鈴	味方全員のHPを10%回復	Restores 10% HP to all allies.	恢复我方全体10%的HP。	回復我方全體HP10%。
11	暗黒水	Dark Water	暗黑水	暗黑水	敵全体に「受ける魔法攻撃スキルダメージ+{0}%」を2回攻撃を受けるまで付与	All enemies receive {0}% more M. ATK skill damage for 2 attacks.	赋予敌方全体“所受魔法攻击技能伤害+{0}%”，受到2次攻击后失效。	賦予敵方全體「所受魔法攻擊技能傷害+{0}%」，直到受2次攻擊為止。
12	暗黒水	Dark Water	暗黑水	暗黑水	敵全体に「受ける魔法攻撃スキルダメージ+{0}%」を2回攻撃を受けるまで付与	All enemies receive {0}% more M. ATK skill damage for 2 attacks.	赋予敌方全体“所受魔法攻击技能伤害+{0}%”，受到2次攻击后失效。	賦予敵方全體「所受魔法攻擊技能傷害+{0}%」，直到受2次攻擊為止。
13	素朴な焼き菓子	Simple Cookies	朴素烘焙点心	樸素烘焙點心	味方全員に「受ける物理攻撃スキルダメージ-{0}%」を2回攻撃を受けるまで付与	All allies receive {0}% less P. ATK skill damage for 2 attacks.	赋予我方全体“所受物理攻击技能伤害-{0}%”，受到2次攻击后失效。	賦予我方全體「所受物理攻擊技能傷害-{0}%」，直到受2次攻擊為止。
14	神秘の羽衣	Mystic Robe	神秘的羽衣	神秘的羽衣	味方全員に「受ける魔法攻撃スキルダメージ-{0}%」を2回攻撃を受けるまで付与	All allies receive {0}% less M. ATK skill damage for 2 attacks.	赋予我方全体“所受魔法攻击技能伤害-{0}%”，受到2次攻击后失效。	賦予我方全體「所受魔法攻擊技能傷害-{0}%」，直到受2次攻擊為止。
15	ウォーパウダー	War Powder	金创粉	金創粉	味方全員に「クリティカル確率+{0}%」を2回行動終了するまで付与	Boosts all allies' critical rates by {0}% for 2 turns.	赋予我方全体“暴击率+{0}%”，2次行动结束后失效。	賦予我方全體「重擊率+{0}%」，直到行動結束2次為止。
16	ウォーパウダー	War Powder	金创粉	金創粉	味方全員に「クリティカル確率+{0}%」を2回行動終了するまで付与	Boosts all allies' critical rates by {0}% for 2 turns.	赋予我方全体“暴击率+{0}%”，2次行动结束后失效。	賦予我方全體「重擊率+{0}%」，直到行動結束2次為止。
17	たたかう魔剣	Magic Sword	战斗魔剑	戰鬥魔劍	現在HPが最も低い敵1体に斬属性ダメージ	Deals Slash damage to the enemy with the lowest current HP.	对当前HP最少的1名敌人造成斩击属性伤害。	對目前敵方HP最低的1位造成斬屬性傷害。
18	たたかう魔剣	Magic Sword	战斗魔剑	戰鬥魔劍	現在HPが最も低い敵1体に斬属性ダメージ	Deals Slash damage to the enemy with the lowest current HP.	对当前HP最少的1名敌人造成斩击属性伤害。	對目前敵方HP最低的1位造成斬屬性傷害。
19	ローゼフラム	Rose Bomb	玫瑰炎烧	玫瑰炎燒	現在HPが最も高い敵1体に火属性ダメージ	Deals Fire damage to the enemy with the highest current HP.	对当前HP最多的1名敌人造成火属性伤害。	對目前敵方HP最高的1位造成火屬性傷害。
20	ローゼフラム	Rose Bomb	玫瑰炎烧	玫瑰炎燒	現在HPが最も高い敵1体に火属性ダメージ	Deals Fire damage to the enemy with the highest current HP.	对当前HP最多的1名敌人造成火属性伤害。	對目前HP最高的1名敵人造成火屬性傷害。
21	エネルジアニカ	Energianica	形意口琴	形意口琴	最大HPが最も高い味方1人に「ターン開始時HP{0}%回復」を2回行動開始するまで付与	Restores {0}% HP at turn start to ally with the highest max HP for 2 turns.	赋予HP上限最高的1名我方“回合开始时HP恢复{0}%”，回合开始2次后失效。	賦予我方HP最大值最高的1人「回合開始時回復HP{0}%」，直到行動開始2次為止。
22	エネルジアニカ	Energianica	形意口琴	形意口琴	最大HPが最も高い味方1人に「ターン開始時HP{0}%回復」を2回行動開始するまで付与	Restores {0}% HP at turn start to ally with the highest max HP for 2 turns.	赋予HP上限最高的1名我方“回合开始时HP恢复{0}%”，回合开始2次后失效。	賦予我方HP最大值最高的1人「回合開始時回復HP{0}%」，直到行動開始2次為止。
23	不幸の瓶詰め	Bottled Misfortune	不幸之瓶	不幸瓶	最大HPが最も高い敵1体に「斬属性耐性-{0}%」を2回攻撃を受けるまで付与	Reduces Slash resistance by {0}% of enemy with the highest max HP for 2 attacks.	赋予HP上限最高的1名敌人“斩击属性耐性-{0}%”，受到2次攻击后失效。	賦予敵方HP最大值最高的1名「斬屬性耐性-{0}%」，直到受2次攻擊為止。
24	不幸の瓶詰め	Bottled Misfortune	不幸之瓶	不幸瓶	最大HPが最も高い敵1体に「斬属性耐性-{0}%」を2回攻撃を受けるまで付与	Reduces Slash resistance by {0}% of enemy with the highest max HP for 2 attacks.	赋予HP上限最高的1名敌人“斩击属性耐性-{0}%”，受到2次攻击后失效。	賦予敵方HP最大值最高的1名「斬屬性耐性-{0}%」，直到受2次攻擊為止。
25	燃える水	Flame Aqua	可燃烧的水	可燃燒的水	最大HPが最も高い敵1体に「火属性耐性-{0}%」を2回攻撃を受けるまで付与	Reduces Fire resistance by {0}% of enemy with the highest max HP for 2 attacks.	赋予HP上限最高的1名敌人“火属性耐性-{0}%”，受到2次攻击后失效。	賦予敵方HP最大值最高的1名「火屬性耐性-{0}%」，直到受2次攻擊為止。
26	燃える水	Flame Aqua	可燃烧的水	可燃燒的水	最大HPが最も高い敵1体に「火属性耐性-{0}%」を2回攻撃を受けるまで付与	Reduces Fire resistance by {0}% of enemy with the highest max HP for 2 attacks.	赋予HP上限最高的1名敌人“火属性耐性-{0}%”，受到2次攻击后失效。	賦予敵方HP最大值最高的1名「火屬性耐性-{0}%」，直到受2次攻擊為止。
27	妙薬ドラッヘン	Drachen Elixir	妙药龙液	妙藥龍液	魔攻が最も高い味方1人に「バーストスキルダメージ+{0}%」を2回行動終了するまで付与	Ally with highest M. ATK deals {0}% more burst skill damage for 2 turns.	赋予魔攻最高的1名我方“爆发技能伤害+{0}%”，2次行动结束后失效。	賦予我方魔攻最高的1人「爆發技能傷害+{0}%」，直到行動結束2次為止。
28	妙薬ドラッヘン	Drachen Elixir	妙药龙液	妙藥龍液	魔攻が最も高い味方1人に「バーストスキルダメージ+{0}%」を2回行動終了するまで付与	Ally with highest M. ATK deals {0}% more burst skill damage for 2 turns.	赋予魔攻最高的1名我方“爆发技能伤害+{0}%”，2次行动结束后失效。	賦予我方魔攻最高的1人「爆發技能傷害+{0}%」，直到行動結束2次為止。
29	黄金エキススープ	Golden Extract Soup	黄金精华汤	黃金精華湯	味方全員に「クリティカル確率+{0}%」を2回行動終了するまで付与	Boosts all allies' critical rates by {0}% for 2 turns.	赋予我方全体“暴击率+{0}%”，2次行动结束后失效。	賦予我方全體「重擊率+{0}%」，直到行動結束2次為止。
30	黄金エキススープ	Golden Extract Soup	黄金精华汤	黃金精華湯	味方全員に「クリティカル確率+{0}%」を2回行動終了するまで付与	Boosts all allies' critical rates by {0}% for 2 turns.	赋予我方全体“暴击率+{0}%”，2次行动结束后失效。	賦予我方全體「重擊率+{0}%」，直到行動結束2次為止。
31	スモークミート	Smoked Meat	熏肉	燻肉	味方全員に「物理攻撃スキルダメージ+{0}%」を2回行動終了するまで付与	All allies deal {0}% more P. ATK skill damage for 2 turns.	赋予我方全体“物理攻击技能伤害+{0}%”，2次行动结束后失效。	賦予我方全體「物理攻擊技能傷害+{0}%」，直到行動結束2次為止。
32	スモークミート	Smoked Meat	熏肉	燻肉	味方全員に「物理攻撃スキルダメージ+{0}%」を2回行動終了するまで付与	All allies deal {0}% more P. ATK skill damage for 2 turns.	赋予我方全体“物理攻击技能伤害+{0}%”，2次行动结束后失效。	賦予我方全體「物理攻擊技能傷害+{0}%」，直到行動結束2次為止。
33	錬金キャンディ	Alchemy Candy	炼金糖果	鍊金糖果	味方全員に「魔法攻撃スキルダメージ+{0}%」を2回行動終了するまで付与	All allies deal {0}% more M. ATK skill damage for 2 turns.	赋予我方全体“魔法攻击技能伤害+{0}%”，2次行动结束后失效。	賦予我方全體「魔法攻擊技能傷害+{0}%」，直到行動結束2次為止。
34	錬金キャンディ	Alchemy Candy	炼金糖果	鍊金糖果	味方全員に「魔法攻撃スキルダメージ+{0}%」を2回行動終了するまで付与	All allies deal {0}% more M. ATK skill damage for 2 turns.	赋予我方全体“魔法攻击技能伤害+{0}%”，2次行动结束后失效。	賦予我方全體「魔法攻擊技能傷害+{0}%」，直到行動結束2次為止。
35	創世の槌	Genesis Hammer	创世之槌	創世之槌	現在HPが最も高い敵1体に打属性ダメージ	Deals Strike damage to the enemy with the highest current HP.	对当前HP最多的1名敌人造成打击属性伤害。	對目前敵方HP最高的1位造成打屬性傷害。
36	創世の槌	Genesis Hammer	创世之槌	創世之槌	現在HPが最も高い敵1体に打属性ダメージ	Deals Strike damage to the enemy with the highest current HP.	对当前HP最多的1名敌人造成打击属性伤害。	對目前敵方HP最高的1位造成打屬性傷害。
37	リュミエールランス	Luminous Lance	光之枪	光之槍	現在HPが最も低い敵1体に突属性ダメージ	Deals Stab damage to the enemy with the lowest current HP.	对当前HP最少的1名敌人造成突刺属性伤害。	對目前敵方HP最低的1位造成突屬性傷害。
38	リュミエールランス	Luminous Lance	光之枪	光之槍	現在HPが最も低い敵1体に突属性ダメージ	Deals Stab damage to the enemy with the lowest current HP.	对当前HP最少的1名敌人造成突刺属性伤害。	對目前敵方HP最低的1位造成突屬性傷害。
39	レーツェルフト	Ratsel Luft	龙卷结晶	神秘之息	現在HPが最も高い敵1体に風属性ダメージ	Deals Air damage to the enemy with the highest current HP.	对当前HP最多的1名敌人造成风属性伤害。	對目前敵方HP最高的1位造成風屬性傷害。
40	レーツェルフト	Ratsel Luft	龙卷结晶	神秘之息	現在HPが最も高い敵1体に風属性ダメージ	Deals Air damage to the enemy with the highest current HP.	对当前HP最多的1名敌人造成风属性伤害。	對目前敵方HP最高的1位造成風屬性傷害。
41	クライトレヘルン	Kleid Ice Bomb	礼服冰精	禮服冰精	現在HPが最も低い敵1体に氷属性ダメージ	Deals Ice damage to the enemy with the lowest current HP.	对当前HP最少的1名敌人造成冰属性伤害。	對目前敵方HP最低的1位造成冰屬性傷害。
42	クライトレヘルン	Kleid Ice Bomb	礼服冰精	禮服冰精	現在HPが最も低い敵1体に氷属性ダメージ	Deals Ice damage to the enemy with the lowest current HP.	对当前HP最少的1名敌人造成冰属性伤害。	對目前敵方HP最低的1位造成冰屬性傷害。
43	シュトラプラジグ	Strahl Plajig	漫舞雷球	漫舞雷球	現在HPが最も低い敵1体に雷属性ダメージ	Deals Bolt damage to the enemy with the lowest current HP.	对当前HP最少的1名敌人造成雷属性伤害。	對目前敵方HP最低的1位造成雷屬性傷害。
44	シュトラプラジグ	Strahl Plajig	漫舞雷球	漫舞雷球	現在HPが最も低い敵1体に雷属性ダメージ	Deals Bolt damage to the enemy with the lowest current HP.	对当前HP最少的1名敌人造成雷属性伤害。	對目前敵方HP最低的1位造成雷屬性傷害。
45	生きてるゴミ箱	Living Trash Can	活着的垃圾桶	活著的垃圾桶	最大HPが最も高い敵1体に「打属性耐性-{0}%」を2回攻撃を受けるまで付与	Reduces Strike resistance by {0}% of enemy with the highest max HP for 2 attacks.	赋予HP上限最高的1名敌人“打击属性耐性-{0}%”，受到2次攻击后失效。	賦予敵方HP最大值最高的1名「打屬性耐性-{0}%」，直到受2次攻擊為止。
46	生きてるゴミ箱	Living Trash Can	活着的垃圾桶	活著的垃圾桶	最大HPが最も高い敵1体に「打属性耐性-{0}%」を2回攻撃を受けるまで付与	Reduces Strike resistance by {0}% of enemy with the highest max HP for 2 attacks.	赋予HP上限最高的1名敌人“打击属性耐性-{0}%”，受到2次攻击后失效。	賦予敵方HP最大值最高的1名「打屬性耐性-{0}%」，直到受2次攻擊為止。
47	かぼちゃドール	Pumpkin Doll	南瓜娃娃	南瓜娃娃	最大HPが最も高い敵1体に「突属性耐性-{0}%」を2回攻撃を受けるまで付与	Reduces Stab resistance by {0}% of enemy with the highest max HP for 2 attacks.	赋予HP上限最高的1名敌人“突刺属性耐性-{0}%”，受到2次攻击后失效。	賦予敵方HP最大值最高的1名「突屬性耐性-{0}%」，直到受2次攻擊為止。
48	かぼちゃドール	Pumpkin Doll	南瓜娃娃	南瓜娃娃	最大HPが最も高い敵1体に「突属性耐性-{0}%」を2回攻撃を受けるまで付与	Reduces Stab resistance by {0}% of enemy with the highest max HP for 2 attacks.	赋予HP上限最高的1名敌人“突刺属性耐性-{0}%”，受到2次攻击后失效。	賦予敵方HP最大值最高的1名「突屬性耐性-{0}%」，直到受2次攻擊為止。
49	イバラの抱擁	Thorny Embrace	苦难的拥抱	荊棘的擁抱	最大HPが最も高い敵1体に「風属性耐性-{0}%」を2回攻撃を受けるまで付与	Reduces Air resistance by {0}% of enemy with the highest max HP for 2 attacks.	赋予HP上限最高的1名敌人“风属性耐性-{0}%”，受到2次攻击后失效。	賦予敵方HP最大值最高的1名「風屬性耐性-{0}%」，直到受2次攻擊為止。
50	イバラの抱擁	Thorny Embrace	苦难的拥抱	荊棘的擁抱	最大HPが最も高い敵1体に「風属性耐性-{0}%」を2回攻撃を受けるまで付与	Reduces Air resistance by {0}% of enemy with the highest max HP for 2 attacks.	赋予HP上限最高的1名敌人“风属性耐性-{0}%”，受到2次攻击后失效。	賦予敵方HP最大值最高的1名「風屬性耐性-{0}%」，直到受2次攻擊為止。
51	氷びし	Ice Caltrop	冰菱	冰稜	最大HPが最も高い敵1体に「氷属性耐性-{0}%」を2回攻撃を受けるまで付与	Reduces Ice resistance by {0}% of enemy with the highest max HP for 2 attacks.	赋予HP上限最高的1名敌人“冰属性耐性-{0}%”，受到2次攻击后失效。	賦予敵方HP最大值最高的1名「冰屬性耐性-{0}%」，直到受2次攻擊為止。
52	氷びし	Ice Caltrop	冰菱	冰稜	最大HPが最も高い敵1体に「氷属性耐性-{0}%」を2回攻撃を受けるまで付与	Reduces Ice resistance by {0}% of enemy with the highest max HP for 2 attacks.	赋予HP上限最高的1名敌人“冰属性耐性-{0}%”，受到2次攻击后失效。	賦予敵方HP最大值最高的1名「冰屬性耐性-{0}%」，直到受2次攻擊為止。
53	ブリッツコア	Blitz Core	凝缩核	凝縮核	最大HPが最も高い敵1体に「雷属性耐性-{0}%」を2回攻撃を受けるまで付与	Reduces Bolt resistance by {0}% of enemy with the highest max HP for 2 attacks.	赋予HP上限最高的1名敌人“雷属性耐性-{0}%”，受到2次攻击后失效。	賦予敵方HP最大值最高的1名「雷屬性耐性-{0}%」，直到受2次攻擊為止。
54	ブリッツコア	Blitz Core	凝缩核	凝縮核	最大HPが最も高い敵1体に「雷属性耐性-{0}%」を2回攻撃を受けるまで付与	Reduces Bolt resistance by {0}% of enemy with the highest max HP for 2 attacks.	赋予HP上限最高的1名敌人“雷属性耐性-{0}%”，受到2次攻击后失效。	賦予敵方HP最大值最高的1名「雷屬性耐性-{0}%」，直到受2次攻擊為止。
55	肉体活性の粉末	Body Energy Powder	活化肉体粉末	活化肉體粉末	物攻が最も高い味方1人に「斬属性スキルダメージ+{0}%」を2回行動終了するまで付与	Ally with highest P. ATK deals {0}% more Slash skill damage for 2 turns.	赋予物攻最高的1名我方“斩击属性技能伤害+{0}%”，2次行动结束后失效。	賦予我方物攻最高的1人「斬屬性技能傷害+{0}%」，直到行動結束2次為止。
56	肉体活性の粉末	Body Energy Powder	活化肉体粉末	活化肉體粉末	物攻が最も高い味方1人に「斬属性スキルダメージ+{0}%」を2回行動終了するまで付与	Ally with highest P. ATK deals {0}% more Slash skill damage for 2 turns.	赋予物攻最高的1名我方“斩击属性技能伤害+{0}%”，2次行动结束后失效。	賦予我方物攻最高的1人「斬屬性技能傷害+{0}%」，直到行動結束2次為止。
57	剛力の塗り薬	Powerful Ointment	强力敷药	強力敷藥	物攻が最も高い味方1人に「打属性スキルダメージ+{0}%」を2回行動終了するまで付与	Ally with highest P. ATK deals {0}% more Strike skill damage for 2 turns.	赋予物攻最高的1名我方“打击属性技能伤害+{0}%”，2次行动结束后失效。	賦予我方物攻最高的1人「打屬性技能傷害+{0}%」，直到行動結束2次為止。
58	剛力の塗り薬	Powerful Ointment	强力敷药	強力敷藥	物攻が最も高い味方1人に「打属性スキルダメージ+{0}%」を2回行動終了するまで付与	Ally with highest P. ATK deals {0}% more Strike skill damage for 2 turns.	赋予物攻最高的1名我方“打击属性技能伤害+{0}%”，2次行动结束后失效。	賦予我方物攻最高的1人「打屬性技能傷害+{0}%」，直到行動結束2次為止。
59	トリトンのほら貝	Triton's Trumpet	特里同的法螺	特里同的法螺貝	物攻が最も高い味方1人に「突属性スキルダメージ+{0}%」を2回行動終了するまで付与	Ally with highest P. ATK deals {0}% more Stab skill damage for 2 turns.	赋予物攻最高的1名我方“突刺属性技能伤害+{0}%”，2次行动结束后失效。	賦予我方物攻最高的1人「突屬性技能傷害+{0}%」，直到行動結束2次為止。
60	トリトンのほら貝	Triton's Trumpet	特里同的法螺	特里同的法螺貝	物攻が最も高い味方1人に「突属性スキルダメージ+{0}%」を2回行動終了するまで付与	Ally with highest P. ATK deals {0}% more Stab skill damage for 2 turns.	赋予物攻最高的1名我方“突刺属性技能伤害+{0}%”，2次行动结束后失效。	賦予我方物攻最高的1人「突屬性技能傷害+{0}%」，直到行動結束2次為止。
61	風繰り車	Pinwheel	驭风风车	馭風風車	魔攻が最も高い味方1人に「風属性スキルダメージ+{0}%」を2回行動終了するまで付与	Ally with highest M. ATK deals {0}% more Air skill damage for 2 turns.	赋予魔攻最高的1名我方“风属性技能伤害+{0}%”，2次行动结束后失效。	賦予我方魔攻最高的1人「風屬性技能傷害+{0}%」，直到行動結束2次為止。
62	風繰り車	Pinwheel	驭风风车	馭風風車	魔攻が最も高い味方1人に「風属性スキルダメージ+{0}%」を2回行動終了するまで付与	Ally with highest M. ATK deals {0}% more Air skill damage for 2 turns.	赋予魔攻最高的1名我方“风属性技能伤害+{0}%”，2次行动结束后失效。	賦予我方魔攻最高的1人「風屬性技能傷害+{0}%」，直到行動結束2次為止。
63	シュネーシュトルム	Schnee Sturm	冰雪风暴	冰雪風暴	魔攻が最も高い味方1人に「氷属性スキルダメージ+{0}%」を2回行動終了するまで付与	Ally with highest M. ATK deals {0}% more Ice skill damage for 2 turns.	赋予魔攻最高的1名我方“冰属性技能伤害+{0}%”，2次行动结束后失效。	賦予我方魔攻最高的1人「冰屬性技能傷害+{0}%」，直到行動結束2次為止。
64	シュネーシュトルム	Schnee Sturm	冰雪风暴	冰雪風暴	魔攻が最も高い味方1人に「氷属性スキルダメージ+{0}%」を2回行動終了するまで付与	Ally with highest M. ATK deals {0}% more Ice skill damage for 2 turns.	赋予魔攻最高的1名我方“冰属性技能伤害+{0}%”，2次行动结束后失效。	賦予我方魔攻最高的1人「冰屬性技能傷害+{0}%」，直到行動結束2次為止。
65	雷の呼び鈴	Lightning Bell	呼雷铃	呼雷鈴	魔攻が最も高い味方1人に「雷属性スキルダメージ+{0}%」を2回行動終了するまで付与	Ally with highest M. ATK deals {0}% more Bolt skill damage for 2 turns.	赋予魔攻最高的1名我方“雷属性技能伤害+{0}%”，2次行动结束后失效。	賦予我方魔攻最高的1人「雷屬性技能傷害+{0}%」，直到行動結束2次為止。
66	雷の呼び鈴	Lightning Bell	呼雷铃	呼雷鈴	魔攻が最も高い味方1人に「雷属性スキルダメージ+{0}%」を2回行動終了するまで付与	Ally with highest M. ATK deals {0}% more Bolt skill damage for 2 turns.	赋予魔攻最高的1名我方“雷属性技能伤害+{0}%”，2次行动结束后失效。	賦予我方魔攻最高的1人「雷屬性技能傷害+{0}%」，直到行動結束2次為止。
67	レッドウォーパウダー	Red War Powder	怒血金创粉	怒血金創粉	魔攻が最も高い味方1人に「火属性スキルダメージ+{0}%」を2回行動終了するまで付与	Ally with highest M. ATK deals {0}% more Fire skill damage for 2 turns.	赋予魔攻最高的1名我方“火属性技能伤害+{0}%”，2次行动结束后失效。	賦予我方魔攻最高的1人「火屬性技能傷害+{0}%」，直到行動結束2次為止。
68	レッドウォーパウダー	Red War Powder	怒血金创粉	怒血金創粉	魔攻が最も高い味方1人に「火属性スキルダメージ+{0}%」を2回行動終了するまで付与	Ally with highest M. ATK deals {0}% more Fire skill damage for 2 turns.	赋予魔攻最高的1名我方“火属性技能伤害+{0}%”，2次行动结束后失效。	賦予我方魔攻最高的1人「火屬性技能傷害+{0}%」，直到行動結束2次為止。
69	リストレア薬瓶	Restoration Bottle	里斯托莱阿药瓶	復癒藥瓶	HPが最も減っている味方1人のHPを50%回復	Restores 50% HP to the ally with the lowest HP.	恢复HP最低的1名我方50%的HP。	回復我方HP最低的1人HP50%。
70	リストレア薬瓶	Restoration Bottle	里斯托莱阿药瓶	復癒藥瓶	HPが最も減っている味方1人のHPを30%回復	Restores 30% HP to the ally with the lowest HP.	恢复HP最低的1名我方30%的HP。	回復我方HP最低的1人HP30%。
71	エリキシル剤	Elixir	万灵药剂	萬靈藥劑	HPが最も減っている味方1人のHPを30%回復<br>回復後、対象の状態異常を解除する	Restores 30% HP to the ally with the lowest HP, then removes status effects.	恢复HP最低的1名我方30%的HP。<br>恢复后解除目标的异常状态。	回復我方HP最低的1人HP30%。<br>回復後，解除目標的異常狀態。
72	エリキシル剤	Elixir	万灵药剂	萬靈藥劑	HPが最も減っている味方1人のHPを20%回復<br>回復後、対象の状態異常を解除する	Restores 20% HP to the ally with the lowest HP, then removes status effects.	恢复HP最低的1名我方20%的HP。<br>恢复后解除目标的异常状态。	回復我方HP最低的1人HP20%。<br>回復後，解除目標的異常狀態。
73	万物の写本	Codex of Creation	万物抄本	萬物手抄本	最大HPが最も高い敵1体に「物理攻撃ダメージ-{0}%」と「受ける物理攻撃ダメージ+{1}%」を2回付与	Inflicts P. ATK damage -{0}% and received P. ATK damage +{1}% to enemy with the highest max HP for 2 turns.	赋予HP上限最高的1名敌人2次“物理攻击伤害-{0}%”和“所受物理攻击伤害+{1}%”。	賦予敵方HP最大值最高的1名「物理攻擊傷害-{0}%」與「所受物理攻擊傷害+{1}%」2次。
74	万物の写本	Codex of Creation	万物抄本	萬物手抄本	最大HPが最も高い敵1体に「物理攻撃ダメージ-{0}%」と「受ける物理攻撃ダメージ+{1}%」を2回付与	Inflicts P. ATK damage -{0}% and received P. ATK damage +{1}% to enemy with the highest max HP for 2 turns.	赋予HP上限最高的1名敌人2次“物理攻击伤害-{0}%”和“所受物理攻击伤害+{1}%”。	賦予敵方HP最大值最高的1名「物理攻擊傷害-{0}%」與「所受物理攻擊傷害+{1}%」2次。
75	ヒロイックガイスト	Heroic Geist	英雄精神	英雄知性	敵全体に「受けるブレイクダメージ+{0}%」を2回攻撃を受けるまで付与	All enemies receive +{0}% stun damage for 2 attacks.	赋予敌方全体“所受破防伤害+{0}%”，受到2次攻击后失效。	賦予敵方全體「所受破防傷害+{0}%」，直到受2次攻擊為止。
76	ヒロイックガイスト	Heroic Geist	英雄精神	英雄知性	敵全体に「受けるブレイクダメージ+{0}%」を2回攻撃を受けるまで付与	All enemies receive +{0}% stun damage for 2 attacks.	赋予敌方全体“所受破防伤害+{0}%”，受到2次攻击后失效。	賦予敵方全體「所受破防傷害+{0}%」，直到受2次攻擊為止。
77	妖薬エボニアル	Miracle Ebonyal	黑檀妖药	黑檀妖藥	味方全員に「自身がアタッカーの時、スキルダメージ+{0}%」を2回行動終了するまで付与	Boosts all Attacker allies' skill damage by {0}% for 2 turns.	赋予我方全体“自身为攻击者时，技能伤害+{0}%”，2次行动结束后失效。	賦予我方全體「自身為攻擊者時，技能傷害+{0}%」，直到行動結束2次為止。
78	妖薬エボニアル	Miracle Ebonyal	黑檀妖药	黑檀妖藥	味方全員に「自身がアタッカーの時、スキルダメージ+{0}%」を2回行動終了するまで付与	Boosts all Attacker allies' skill damage by {0}% for 2 turns.	赋予我方全体“自身为攻击者时，技能伤害+{0}%”，2次行动结束后失效。	賦予我方全體「自身為攻擊者時，技能傷害+{0}%」，直到行動結束2次為止。
79	廻る魔剣	Revolving Magic Sword	回旋魔剑	迴旋魔劍	敵全体に斬属性ダメージ	Deals Slash damage to all enemies.	对敌方全体造成斩击属性伤害。	對敵方全體造成斬屬性傷害。
80	廻る魔剣	Revolving Magic Sword	回旋魔剑	迴旋魔劍	敵全体に斬属性ダメージ	Deals Slash damage to all enemies.	对敌方全体造成斩击属性伤害。	對敵方全體造成斬屬性傷害。
81	トランヒールサルヴ	Tranquil Salve	鱼油治愈软膏	特效療癒軟膏	HPが最も減っている味方1人のHPを30%回復<br>回復後、対象のマイナス効果を解除する	Restores 30% HP to the ally with the lowest HP and removes negative effects.	恢复HP最低的1名我方30%的HP。<br>恢复后解除目标的负面效果。	回復我方HP最低的1人HP30%。<br>回復後，解除目標的減弱效果。
82	トランヒールサルヴ	Tranquil Salve	鱼油治愈软膏	特效療癒軟膏	HPが最も減っている味方1人のHPを20%回復<br>回復後、対象のマイナス効果を解除する	Restores 20% HP to the ally with the lowest HP and removes negative effects.	恢复HP最低的1名我方20%的HP。<br>恢复后解除目标的负面效果。	回復我方HP最低的1人HP20%。<br>回復後，解除目標的減弱效果。
83	ドナークリスタル	Lightning Crystal	电导水晶	電導水晶	現在HPが最も高い敵1体に雷属性ダメージを与え、<br>対象に「麻痺」を2回行動開始するまで中確率で付与	Deals Bolt damage to the enemy with the highest HP, and has a moderate chance to inflict Paralysis for 2 turns.	对当前HP最多的1名敌人造成雷属性伤害，<br>中概率赋予目标“麻痹”，回合开始2次后失效。	對目前敵方HP最高的1名造成雷屬性傷害，<br>中機率賦予目標「麻痺」，直到行動開始2次為止。
84	ドナークリスタル	Lightning Crystal	电导水晶	電導水晶	現在HPが最も高い敵1体に雷属性ダメージを与え、<br>対象に「麻痺」を2回行動開始するまで低確率で付与	Deals Bolt damage to the enemy with the highest HP, and has a small chance to inflict Paralysis on target for 2 turns.	对当前HP最多的1名敌人造成雷属性伤害，<br>低概率赋予目标“麻痹”，回合开始2次后失效。	對目前敵方HP最高的1名造成雷屬性傷害，<br>低機率賦予目標「麻痺」，直到行動開始2次為止。
85	破壊の秘薬	Potion of Destruction	破坏秘药	破壞的秘藥	味方全員に「自身がブレイカーの時、ブレイクダメージ+{0}%」を2回行動終了するまで付与	Boosts all Breaker allies' stun damage by {0}% for 2 turns.	赋予我方全体“自身为破坏者时，破防伤害+{0}%”，2次行动结束后失效。	賦予我方全體「自身為破壞者時，破防傷害+{0}%」，直到行動結束2次為止。
86	破壊の秘薬	Potion of Destruction	破坏秘药	破壞的秘藥	味方全員に「自身がブレイカーの時、ブレイクダメージ+{0}%」を2回行動終了するまで付与	Boosts all Breaker allies' stun damage by {0}% for 2 turns.	赋予我方全体“自身为破坏者时，破防伤害+{0}%”，2次行动结束后失效。	賦予我方全體「自身為破壞者時，破防傷害+{0}%」，直到行動結束2次為止。
87	プロテクトパウダー	Protection Powder	保护粉	防禦粉	最大HPが最も高い味方1人に「受けるダメージ-{0}%」を2回攻撃を受けるまで付与	Reduces damage received by the ally with highest max HP by {0}% for 2 attacks.	赋予HP上限最高的1名我方“所受伤害-{0}%”，受到2次攻击后失效。	賦予我方HP最大值最高的1人「所受傷害-{0}%」，直到受2次攻擊為止。
88	プロテクトパウダー	Protection Powder	保护粉	防禦粉	最大HPが最も高い味方1人に「受けるダメージ-{0}%」を2回攻撃を受けるまで付与	Reduces damage received by the ally with highest max HP by {0}% for 2 attacks.	赋予HP上限最高的1名我方“所受伤害-{0}%”，受到2次攻击后失效。	賦予我方HP最大值最高的1人「所受傷害-{0}%」，直到受2次攻擊為止。
89	ラーヴァキューブ	Lava Cube	熔岩方块	熔岩方塊	現在HPが最も低い敵1体に火属性ダメージ	Deals Fire damage to the enemy with the lowest current HP.	对当前HP最少的1名敌人造成火属性伤害。	對目前敵方HP最低的1名造成火屬性傷害。
90	ラーヴァキューブ	Lava Cube	熔岩方块	熔岩方塊	現在HPが最も低い敵1体に火属性ダメージ	Deals Fire damage to the enemy with the lowest current HP.	对当前HP最少的1名敌人造成火属性伤害。	對目前敵方HP最低的1名造成火屬性傷害。
91	カクテルレープ	Cocktail Leb	鸡尾酒点心	雞尾酒點心	最大HPが最も高い味方1人のHPを30%回復<br>回復後、対象に「ターン開始時HP{0}%回復」を2回行動開始するまで付与	Restores 30% HP to the ally with the highest max HP. After recovery, restores target's HP by {0}% at the start of the turn for 2 turns.	恢复HP上限最高的1名我方HP的30%。<br>恢复后，赋予目标“回合开始时，HP恢复{0}%”，回合开始2次后失效。	回復我方HP最大值最高的1人HP30%。<br>回復後，賦予目標「回合開始時回復HP{0}%」，直到行動開始2次為止。
92	カクテルレープ	Cocktail Leb	鸡尾酒点心	雞尾酒點心	最大HPが最も高い味方1人のHPを15%回復<br>回復後、対象に「ターン開始時HP{0}%回復」を2回行動開始するまで付与	Restores 15% HP to the ally with the highest max HP. After recovery, restores target's HP by {0}% at the start of the turn for 2 turns.	恢复HP上限最高的1名我方HP的15%。<br>恢复后，赋予目标“回合开始时，HP恢复{0}%”，回合开始2次后失效。	回復我方HP最大值最高的1人HP15%。<br>回復後，賦予目標「回合開始時回復HP{0}%」，直到行動開始2次為止。
93	シュタルレヘルン	Stahl Ice Bomb	坚硬冰精	冷冽冰精	敵全体に氷属性ダメージ	Deals Ice damage to all enemies.	对敌方全体造成冰属性伤害。	對敵方全體造成冰屬性傷害。
94	シュタルレヘルン	Stahl Ice Bomb	坚硬冰精	冷冽冰精	敵全体に氷属性ダメージ	Deals Ice damage to all enemies.	对敌方全体造成冰属性伤害。	對敵方全體造成冰屬性傷害。
95	詰め合わせキャンディ	Assorted Candy	混装糖果	綜合糖果	味方全員に「自身がサポーターの時、スキルダメージ+{0}%」を2回行動終了するまで付与	Boosts all Supporter allies' skill damage by {0}% for 2 turns.	赋予我方全体“自身为支援者时，技能伤害+{0}%”，2次行动结束后失效。	賦予我方全體「自身為支援者時，技能傷害+{0}%」，直到行動結束2次為止。
96	詰め合わせキャンディ	Assorted Candy	混装糖果	綜合糖果	味方全員に「自身がサポーターの時、スキルダメージ+{0}%」を2回行動終了するまで付与	Boosts all Supporter allies' skill damage by {0}% for 2 turns.	赋予我方全体“自身为支援者时，技能伤害+{0}%”，2次行动结束后失效。	賦予我方全體「自身為支援者時，技能傷害+{0}%」，直到行動結束2次為止。
97	さすらう地球儀	Wandering Globe	漂泊地球仪	流浪地球儀	最大HPが最も低い敵1体に打属性ダメージを与え、<br>対象が水棲種族の時、ターンを{0}ターン遅らせる	Deals Strike damage to the enemy with the lowest max HP. When the target is Aquatic, delays their turn by {0} turn(s).	对HP上限最低的1名敌人造成打击属性伤害，<br>目标为水生种族时，使其回合推迟{0}回合。	給予HP最大值最低的1名敵人打屬性傷害，<br>目標為水棲種族時，使其行動回合推遲{0}回合。
98	さすらう地球儀	Wandering Globe	漂泊地球仪	流浪地球儀	最大HPが最も低い敵1体に打属性ダメージを与え、<br>対象が水棲種族の時、ターンを{0}ターン遅らせる	Deals Strike damage to the enemy with the lowest max HP. When the target is Aquatic, delays their turn by {0} turn(s).	对HP上限最低的1名敌人造成打击属性伤害，<br>目标为水生种族时，使其回合推迟{0}回合。	給予HP最大值最低的1名敵人打屬性傷害，<br>目標為水棲種族時，使其行動回合推遲{0}回合。
99	グラスビーンズ	Grass Beans	草豆	草豆	HPが最も減っている味方1人のマイナス効果を解除し、HPを15%回復	Removes negative effects and restores 15% HP to the ally with the lowest HP.	解除HP减少最多的1名我方的负面效果，恢复15%的HP。	解除我方HP最低的1人的減弱效果，並回復HP15%。
100	爆粉うに	Explosive Uni	爆裂海胆	爆裂海膽	現在HPが最も低い敵1体に斬属性ダメージ	Deals Slash damage to the enemy with the lowest HP.	对当前HP最少的1名敌人造成斩击属性伤害。	對目前敵方HP最低的1名造成斬屬性傷害。
101	クラフトリオ	Craftlio	多重诡雷	卡夫三重奏	最大HPが最も高い敵1体に突属性ブレイクダメージ	Deals Stab stun damage to the enemy with the highest max HP.	对HP上限最高的1名敌人造成突刺属性破防伤害。	對敵方HP最大值最高的1名造成突屬性破防傷害。
102	ゆらぎの毒煙	Poison Smoke	飘摇的毒烟	飄搖的毒煙	最大HPが最も高い敵1体に「毒耐性-{0}%」と「毒」2つを2回行動するまでそれぞれ超高確率で付与	Very high chance to reduce Poison resistance by {0}% and inflict 2 stacks of Poison on the enemy with the highest max HP for 2 turns.	分别以超高概率赋予HP上限最高的1名敌人“毒耐性-{0}%”和2个“中毒”，2次行动后失效。	以超高機率各別賦予HP最大值最高的1名敵方「毒耐性-{0}%」與「中毒」2個狀態，直到行動2次為止。
103	アスラドーナツ	Ashra Donut	阿斯拉甜甜圈	阿斯拉甜甜圈	味方全員に「攻撃対象がブレイク状態の時、スキルダメージ+{0}%」を1回行動終了するまで付与                                                                                                                                                                                                                                              	Boosts all allies' skill damage when attack target is stunned by {0}% for 1 turn.	赋予我方全体“攻击目标处于破防状态时，技能伤害+{0}%”，1次行动结束后失效。	賦予我方全體「攻擊目標為破防狀態時，技能傷害+{0}%」，直到行動結束1次為止。
104	栄養剤	Tonic	营养剂	營養劑	魔攻が最も高い味方1人に「クリティカルダメージ+{0}%」を2回行動終了するまで付与	Boosts critical damage of the ally with the highest M. ATK by {0}% for 2 turns.	赋予魔攻最高的1名我方“暴击伤害+{0}%”，2次行动结束后失效。	賦予我方魔攻最高的1人「重擊傷害+{0}%」，直到行動結束2次為止。
105	栄養剤	Tonic	营养剂	營養劑	魔攻が最も高い味方1人に「クリティカルダメージ+{0}%」を2回行動終了するまで付与	Boosts critical damage of the ally with the highest M. ATK by {0}% for 2 turns.	赋予魔攻最高的1名我方“暴击伤害+{0}%”，2次行动结束后失效。	賦予我方魔攻最高的1人「重擊傷害+{0}%」，直到行動結束2次為止。
106	禁じられた秘薬	Forbidden Elixir	禁忌秘药	禁忌秘藥	現在HPが最も高い敵1体に「状態異常耐性-{0}%」を2回行動終了するまで付与	Reduces status effect resistance of the enemy with the most HP by {0}% for 2 turns.	赋予当前HP最多的1名敌人“异常状态耐性-{0}%”，2次行动结束后失效。	賦予目前HP最高的1名敵人「異常狀態耐性-{0}%」，直到行動結束2次為止。
107	禁じられた秘薬	Forbidden Elixir	禁忌秘药	禁忌秘藥	現在HPが最も高い敵1体に「状態異常耐性-{0}%」を2回行動終了するまで付与	Reduces status effect resistance of the enemy with the most HP by {0}% for 2 turns.	赋予当前HP最多的1名敌人“异常状态耐性-{0}%”，2次行动结束后失效。	賦予目前HP最高的1名敵人「異常狀態耐性-{0}%」，直到行動結束2次為止。
108	リフュールボトル	Healing Elixir	补给瓶	補給瓶	HPが最も減っている味方1人のHPを40%回復<br>回復後、対象に「ブレイクダメージ+{0}%」を1回行動終了するまで付与	Restores 40% HP to the ally with the lowest HP.<br>After recovery, boosts target's stun damage by {0}% for 1 turn.	恢复HP减少最多的1名我方40%的HP。<br>恢复后赋予目标“破防伤害+{0}%”，1次行动结束后失效。	回復我方HP最低的1人HP40%。<br>回復後，賦予目標「破防傷害+{0}%」，直到行動結束1次為止。
109	リフュールボトル	Healing Elixir	补给瓶	補給瓶	HPが最も減っている味方1人のHPを30%回復<br>回復後、対象に「ブレイクダメージ+{0}%」を1回行動終了するまで付与	Restores 30% HP to the ally with the lowest HP.<br>After recovery, boosts target's stun damage by {0}% for 1 turn.	恢复HP减少最多的1名我方30%的HP。<br>恢复后赋予目标“破防伤害+{0}%”，1次行动结束后失效。	回復我方HP最低的1人HP30%。<br>回復後，賦予目標「破防傷害+{0}%」，直到行動結束1次為止。
110	放電管	Electrical Discharge Tube	放电管	放電管	敵全体に「雷属性耐性-{0}%」を3回攻撃を受けるまで付与し、雷属性ダメージ	Reduces all enemies' Bolt resistance by {0}% for 3 attacks and deals Bolt damage.	赋予敌方全体“雷属性耐性-{0}%”，受到3次攻击后失效，并造成雷属性伤害。	賦予敵方全體「雷屬性耐性-{0}%」，直到受3次攻擊為止，並造成雷屬性傷害。
111	放電管	Electrical Discharge Tube	放电管	放電管	敵全体に「雷属性耐性-{0}%」を3回攻撃を受けるまで付与し、雷属性ダメージ	Reduces all enemies' Bolt resistance by {0}% for 3 attacks and deals Bolt damage.	赋予敌方全体“雷属性耐性-{0}%”，受到3次攻击后失效，并造成雷属性伤害。	賦予敵方全體「雷屬性耐性-{0}%」，直到受3次攻擊為止，並造成雷屬性傷害。
112	守護女神の盾	Goddess Shield	守护女神之盾	守護女神之盾	最大HPが最も高い味方1人に「かばう」と「受けるダメージ-{0}%」を1回付与	Grants Protection to and reduces damage received by {0}% for the ally with the highest max HP for 1 turn.	赋予HP上限最高的1名我方1次“掩护”和“所受伤害-{0}%”。	賦予我方HP最大值最高的1人「守護」與「所受傷害-{0}%」1次。
113	守護女神の盾	Goddess Shield	守护女神之盾	守護女神之盾	最大HPが最も高い味方1人に「かばう」と「受けるダメージ-{0}%」を1回付与	Grants Protection to and reduces damage received by {0}% for the ally with the highest max HP for 1 turn.	赋予HP上限最高的1名我方1次“掩护”和“所受伤害-{0}%”。	賦予我方HP最大值最高的1人「守護」與「所受傷害-{0}%」1次。
114	伝承のエリキシル剤	Ancestral Elixir	传承万灵药剂	傳承的萬靈藥劑	HPが最も減っている味方1人に「最大HP+{0}%」を付与(上限30%)し、HPを50%回復	Grants {0}% additional max HP (MAX 30%) and then restores HP by 50% to the ally with the lowest HP.	赋予HP减少最多的1名我方“HP上限+{0}%”（上限30%），恢复50%的HP。	賦予我方HP最低的1人「HP最大值+{0}%」（上限30%），並回復HP50%。
115	伝承のエリキシル剤	Ancestral Elixir	传承万灵药剂	傳承的萬靈藥劑	HPが最も減っている味方1人に「最大HP+{0}%」を付与(上限21%)し、HPを30%回復	Grants {0}% additional max HP (MAX 21%) and then restores HP by 30% to the ally with the lowest HP.	赋予HP减少最多的1名我方“HP上限+{0}%”（上限21%），恢复30%的HP。	賦予我方HP最低的1人「HP最大值+{0}%」（上限21%），並回復HP30%。
116	伝承の教典	Ancestral Doctrine	传承教典	傳承的教典	物攻が最も高い味方1人に「HPが50%以上の時、バーストスキルダメージ+{0}%」を2回行動終了するまで付与	Boosts the burst skill damage of the ally with the highest P. ATK by {0}% for 2 turns when their HP is 50% or higher.	赋予物攻最高的1名我方“HP不低于50%时，爆发技能伤害+{0}%”，2次行动结束后失效。	賦予我方物攻最高的1人「HP在50%以上時，爆發技能傷害+{0}%」，直到行動結束2次為止。
117	伝承の教典	Ancestral Doctrine	传承教典	傳承的教典	物攻が最も高い味方1人に「HPが50%以上の時、バーストスキルダメージ+{0}%」を2回行動終了するまで付与	Boosts the burst skill damage of the ally with the highest P. ATK by {0}% for 2 turns when their HP is 50% or higher.	赋予物攻最高的1名我方“HP不低于50%时，爆发技能伤害+{0}%”，2次行动结束后失效。	賦予我方物攻最高的1人「HP在50%以上時，爆發技能傷害+{0}%」，直到行動結束2次為止。
118	伝承の呪術書	Ancestral Spellbook	传承咒术书	傳承的咒術書	最大HPが最も高い敵1体に「全属性耐性-{0}%」を2回攻撃を受けるまで付与	Reduces all resistances of the enemy with the highest max HP by {0}% for 2 attacks.	赋予HP上限最高的1名敌人“全属性耐性-{0}%”，受到2次攻击后失效。	賦予敵方HP最大值最高的1名「全屬性耐性-{0}%」，直到受2次攻擊為止。
119	伝承の呪術書	Ancestral Spellbook	传承咒术书	傳承的咒術書	最大HPが最も高い敵1体に「全属性耐性-{0}%」を2回攻撃を受けるまで付与	Reduces all resistances of the enemy with the highest max HP by {0}% for 2 attacks.	赋予HP上限最高的1名敌人“全属性耐性-{0}%”，受到2次攻击后失效。	賦予敵方HP最大值最高的1名「全屬性耐性-{0}%」，直到受2次攻擊為止。
120	フレアノヴァフラム	Flare Nova Bomb	闪耀新星炎烧	閃亮新星炎燒	敵全体に火属性ダメージ後、「火属性耐性-{0}%」と味方全員に「火属性ダメージ+{1}%」を2回付与	After dealing Fire damage to all enemies, reduces their Fire resistance by {0}% and boosts all allies' Fire damage by {1}% for 2 turns.	对敌方全体造成火属性伤害后，赋予敌方全体2次“火属性耐性-{0}%”，赋予我方全体2次“火属性伤害+{1}%”。	給予敵方全體火屬性傷害後，賦予「火屬性耐性-{0}%」，並賦予我方全體「火屬性傷害+{1}%」2次。
121	フレアノヴァフラム	Flare Nova Bomb	闪耀新星炎烧	閃亮新星炎燒	敵全体に火属性ダメージ後、「火属性耐性-{0}%」と味方全員に「火属性ダメージ+{1}%」を2回付与	After dealing Fire damage to all enemies, reduces their Fire resistance by {0}% and boosts all allies' Fire damage by {1}% for 2 turns.	对敌方全体造成火属性伤害后，赋予敌方全体2次“火属性耐性-{0}%”，赋予我方全体2次“火属性伤害+{1}%”。	給予敵方全體火屬性傷害後，賦予「火屬性耐性-{0}%」，並賦予我方全體「火屬性傷害+{1}%」2次。
122	ブリザードレヘルン	Blizzard Ice Bomb	暴风雪冰精	暴風雪冰精	敵全体に氷属性ダメージ後、「氷属性耐性-{0}%」と味方全員に「氷属性ダメージ+{1}%」を2回付与	After dealing Ice damage to all enemies, reduces their Ice resistance by {0}% and boosts all allies' Ice damage by {1}% for 2 turns.	对敌方全体造成冰属性伤害后，赋予敌方全体2次“冰属性耐性-{0}%”，赋予我方全体2次“冰属性伤害+{1}%”。	給予敵方全體冰屬性傷害後，賦予「冰屬性耐性-{0}%」，並賦予我方全體「冰屬性傷害+{1}%」2次。
123	ブリザードレヘルン	Blizzard Ice Bomb	暴风雪冰精	暴風雪冰精	敵全体に氷属性ダメージ後、「氷属性耐性-{0}%」と味方全員に「氷属性ダメージ+{1}%」を2回付与	After dealing Ice damage to all enemies, reduces their Ice resistance by {0}% and boosts all allies' Ice damage by {1}% for 2 turns.	对敌方全体造成冰属性伤害后，赋予敌方全体2次“冰属性耐性-{0}%”，赋予我方全体2次“冰属性伤害+{1}%”。	給予敵方全體冰屬性傷害後，賦予「冰屬性耐性-{0}%」，並賦予我方全體「冰屬性傷害+{1}%」2次。
124	グングニルプラジグ	Gungnir Plajig	冈格尼尔雷球	岡格尼爾雷球	敵全体に雷属性ダメージ後、「雷属性耐性-{0}%」と味方全員に「雷属性ダメージ+{1}%」を2回付与	After dealing Bolt damage to all enemies, reduces their Bolt resistance by {0}% and boosts all allies' Bolt damage by {1}% for 2 turns.	对敌方全体造成雷属性伤害后，赋予敌方全体2次“雷属性耐性-{0}%”，赋予我方全体2次“雷属性伤害+{1}%”。	給予敵方全體雷屬性傷害後，賦予「雷屬性耐性-{0}%」，並賦予我方全體「雷屬性傷害+{1}%」2次。
125	グングニルプラジグ	Gungnir Plajig	冈格尼尔雷球	岡格尼爾雷球	敵全体に雷属性ダメージ後、「雷属性耐性-{0}%」と味方全員に「雷属性ダメージ+{1}%」を2回付与	After dealing Bolt damage to all enemies, reduces their Bolt resistance by {0}% and boosts all allies' Bolt damage by {1}% for 2 turns.	对敌方全体造成雷属性伤害后，赋予敌方全体2次“雷属性耐性-{0}%”，赋予我方全体2次“雷属性伤害+{1}%”。	給予敵方全體雷屬性傷害後，賦予「雷屬性耐性-{0}%」，並賦予我方全體「雷屬性傷害+{1}%」2次。
126	トルネードルフト	Tornado Luft	龙卷风精	龍捲風風精	敵全体に風属性ダメージ後、「風属性耐性-{0}%」と味方全員に「風属性ダメージ+{1}%」を2回付与	After dealing Air damage to all enemies, reduces their Air resistance by {0}% and boosts all allies' Air damage by {1}% for 2 turns.	对敌方全体造成风属性伤害后，赋予敌方全体2次“风属性耐性-{0}%”，赋予我方全体2次“风属性伤害+{1}%”。	給予敵方全體風屬性傷害後，賦予「風屬性耐性-{0}%」，並賦予我方全體「風屬性傷害+{1}%」2次。
127	トルネードルフト	Tornado Luft	龙卷风精	龍捲風風精	敵全体に風属性ダメージ後、「風属性耐性-{0}%」と味方全員に「風属性ダメージ+{1}%」を2回付与	After dealing Air damage to all enemies, reduces their Air resistance by {0}% and boosts all allies' Air damage by {1}% for 2 turns.	对敌方全体造成风属性伤害后，赋予敌方全体2次“风属性耐性-{0}%”，赋予我方全体2次“风属性伤害+{1}%”。	給予敵方全體風屬性傷害後，賦予「風屬性耐性-{0}%」，並賦予我方全體「風屬性傷害+{1}%」2次。
128	シュレッドディザスター	Shred Disaster	粉碎之灾	碎撕災厄	敵全体に斬属性ダメージ後、「斬属性耐性-{0}%」と味方全員に「斬属性ダメージ+{1}%」を2回付与	After dealing Slash damage to all enemies, reduces their Slash resistance by {0}% and boosts all allies' Slash damage by {1}% for 2 turns.	对敌方全体造成斩击属性伤害后，赋予敌方全体2次“斩击属性耐性-{0}%”，赋予我方全体2次“斩击属性伤害+{1}%”。	給予敵方全體斬屬性傷害後，賦予「斬屬性耐性-{0}%」，並賦予我方全體「斬屬性傷害+{1}%」2次。
129	シュレッドディザスター	Shred Disaster	粉碎之灾	碎撕災厄	敵全体に斬属性ダメージ後、「斬属性耐性-{0}%」と味方全員に「斬属性ダメージ+{1}%」を2回付与	After dealing Slash damage to all enemies, reduces their Slash resistance by {0}% and boosts all allies' Slash damage by {1}% for 2 turns.	对敌方全体造成斩击属性伤害后，赋予敌方全体2次“斩击属性耐性-{0}%”，赋予我方全体2次“斩击属性伤害+{1}%”。	給予敵方全體斬屬性傷害後，賦予「斬屬性耐性-{0}%」，並賦予我方全體「斬屬性傷害+{1}%」2次。
130	ディスペアカノン	Despair Cannon	绝望加农炮	絕望卡農砲	敵全体に打属性ダメージ後、「打属性耐性-{0}%」と味方全員に「打属性ダメージ+{1}%」を2回付与	After dealing Strike damage to all enemies, reduces their Strike resistance by {0}% and boosts all allies' Strike damage by {1}% for 2 turns.	给敌方全体造成打击属性伤害后，赋予敌方全体2次“打击属性耐性-{0}%”，赋予我方全体2次“打击属性伤害+{1}%”。	給予敵方全體打屬性傷害後，賦予「打屬性耐性-{0}%」，並賦予我方全體「打屬性傷害+{1}%」2次。
131	ディスペアカノン	Despair Cannon	绝望加农炮	絕望卡農砲	敵全体に打属性ダメージ後、「打属性耐性-{0}%」と味方全員に「打属性ダメージ+{1}%」を2回付与	After dealing Strike damage to all enemies, reduces their Strike resistance by {0}% and boosts all allies' Strike damage by {1}% for 2 turns.	给敌方全体造成打击属性伤害后，赋予敌方全体2次“打击属性耐性-{0}%”，赋予我方全体2次“打击属性伤害+{1}%”。	給予敵方全體打屬性傷害後，賦予「打屬性耐性-{0}%」，並賦予我方全體「打屬性傷害+{1}%」2次。
132	カタストクラフト	Catastro Craft	灾祸诡雷	災禍卡夫	敵全体に突属性ダメージ後、「突属性耐性-{0}%」と味方全員に「突属性ダメージ+{1}%」を2回付与	After dealing Stab damage to all enemies, reduces their Stab resistance by {0}% and boosts all allies' Stab damage by {1}% for 2 turns.	给敌方全体造成突刺属性伤害后，赋予敌方全体2次“突刺属性耐性-{0}%”，赋予我方全体2次“突刺属性伤害+{1}%”。	給予敵方全體突屬性傷害後，賦予「突屬性耐性-{0}%」，並賦予我方全體「突屬性傷害+{1}%」2次。
133	カタストクラフト	Catastro Craft	灾祸诡雷	災禍卡夫	敵全体に突属性ダメージ後、「突属性耐性-{0}%」と味方全員に「突属性ダメージ+{1}%」を2回付与	After dealing Stab damage to all enemies, reduces their Stab resistance by {0}% and boosts all allies' Stab damage by {1}% for 2 turns.	给敌方全体造成突刺属性伤害后，赋予敌方全体2次“突刺属性耐性-{0}%”，赋予我方全体2次“突刺属性伤害+{1}%”。	給予敵方全體突屬性傷害後，賦予「突屬性耐性-{0}%」，並賦予我方全體「突屬性傷害+{1}%」2次。
134	クラフトリオ	Craftlio	多重诡雷	卡夫三重奏	最大HPが最も高い敵1体に突属性ブレイクダメージ	Deals Stab stun damage to the enemy with the highest max HP.	对HP上限最高的1名敌人造成突刺属性破防伤害。	對敵方HP最大值最高的1名造成突屬性破防傷害。
135	ゆらぎの毒煙	Poison Smoke	飘摇的毒烟	飄搖的毒煙	最大HPが最も高い敵1体に「毒耐性-{0}%」と「毒」2つを2回行動するまでそれぞれ超高確率で付与	Very high chance to reduce Poison resistance by {0}% and inflict 2 stacks of Poison on the enemy with the highest max HP for 2 turns.	分别以超高概率赋予HP上限最高的1名敌人“毒耐性-{0}%”和2个“中毒”，2次行动后失效。	以超高機率各別賦予HP最大值最高的1名敵方「毒耐性-{0}%」與「中毒」2個狀態，直到行動2次為止。
136	アスラドーナツ	Ashra Donut	阿斯拉甜甜圈	阿斯拉甜甜圈	味方全員に「攻撃対象がブレイク状態の時、スキルダメージ+{0}%」を1回行動終了するまで付与                                                                                                                                                                                                                                              	Boosts all allies' skill damage when attack target is stunned by {0}% for 1 turn.	赋予我方全体“攻击目标处于破防状态时，技能伤害+{0}%”，1次行动结束后失效。	賦予我方全體「攻擊目標為破防狀態時，技能傷害+{0}%」，直到行動結束1次為止。
137	小悪魔のいたずら	Imp's Mischief	小恶魔的恶作剧	小惡魔的惡作劇	敵全体に「受ける物理攻撃スキルダメージ+{0}%」を2回攻撃を受けるまで付与	Boosts all enemies' physical attack skill damage received by {0}% for 2 attacks.	赋予敌方全体“所受物理攻击技能伤害+{0}%”，受到2次攻击后失效。	賦予敵方全體「所受物理攻擊技能傷害+{0}%」，直到受2次攻擊為止。
138	小悪魔のいたずら	Imp's Mischief	小恶魔的恶作剧	小惡魔的惡作劇	敵全体に「受ける物理攻撃スキルダメージ+{0}%」を2回攻撃を受けるまで付与	Boosts all enemies' physical attack skill damage received by {0}% for 2 attacks.	赋予敌方全体“所受物理攻击技能伤害+{0}%”，受到2次攻击后失效。	賦予敵方全體「所受物理攻擊技能傷害+{0}%」，直到受2次攻擊為止。
139	オーカンルフェン	Orkanruf	疾风加护	奧康路風扇	敵全体に「風属性耐性-{0}%」を3回攻撃を受けるまで付与し、風属性ダメージ	Reduces all enemies' Air resistance by {0}% for 3 attacks and deals Air damage.	赋予敌方全体“风属性耐性-{0}%”，受到3次攻击后失效，并造成风属性伤害。	賦予敵方全體「風屬性耐性-{0}%」，直到受3次攻擊為止，並造成風屬性傷害。
140	オーカンルフェン	Orkanruf	疾风加护	奧康路風扇	敵全体に「風属性耐性-{0}%」を3回攻撃を受けるまで付与し、風属性ダメージ	Reduces all enemies' Air resistance by {0}% for 3 attacks and deals Air damage.	赋予敌方全体“风属性耐性-{0}%”，受到3次攻击后失效，并造成风属性伤害。	賦予敵方全體「風屬性耐性-{0}%」，直到受3次攻擊為止，並造成風屬性傷害。
141	吸魂ひょうたん	Soul Absorbing Gourd	吸魂葫芦	吸魂葫蘆	最大HPが最も高い敵1体に「魔法攻撃ダメージ-{0}%」と「受ける魔法攻撃ダメージ+{1}%」を2回付与	Reduces magic attack damage by {0}% and boosts magic attack damage received by {1}% for the enemy with the highest max HP for 2 turns.	赋予HP上限最高的1名敌人2次“魔法攻击伤害-{0}%”和“所受魔法攻击伤害+{1}%”。	賦予HP最大值最高的1名敵方「魔法攻擊傷害-{0}%」與「所受魔法攻擊傷害+{1}%」2次。
142	吸魂ひょうたん	Soul Absorbing Gourd	吸魂葫芦	吸魂葫蘆	最大HPが最も高い敵1体に「魔法攻撃ダメージ-{0}%」と「受ける魔法攻撃ダメージ+{1}%」を2回付与	Reduces magic attack damage by {0}% and boosts magic attack damage received by {1}% for the enemy with the highest max HP for 2 turns.	赋予HP上限最高的1名敌人2次“魔法攻击伤害-{0}%”和“所受魔法攻击伤害+{1}%”。	賦予HP最大值最高的1名敵方「魔法攻擊傷害-{0}%」與「所受魔法攻擊傷害+{1}%」2次。
143	ガラスのバラ	Glass Rose	玻璃玫瑰	玻璃玫瑰	敵全体に「氷属性耐性-{0}%」を3回攻撃を受けるまで付与し、氷属性ダメージ	Reduces all enemies' Ice resistance by {0}% for 3 attacks and deals Ice damage.	赋予敌方全体“冰属性耐性-{0}%”，受到3次攻击后失效，并造成冰属性伤害。	賦予敵方全體「冰屬性耐性-{0}%」，直到受3次攻擊為止，並造成冰屬性傷害。
144	ガラスのバラ	Glass Rose	玻璃玫瑰	玻璃玫瑰	敵全体に「氷属性耐性-{0}%」を3回攻撃を受けるまで付与し、氷属性ダメージ	Reduces all enemies' Ice resistance by {0}% for 3 attacks and deals Ice damage.	赋予敌方全体“冰属性耐性-{0}%”，受到3次攻击后失效，并造成冰属性伤害。	賦予敵方全體「冰屬性耐性-{0}%」，直到受3次攻擊為止，並造成冰屬性傷害。
145	ストラパール	Stellapearl	史特拉珍珠	史特拉珍珠	HPが最も減っている味方1人の回復無効を解除し、HPを30%回復	Removes Nullify Recovery and restores HP by 30% to the ally with the lowest HP.	解除HP减少最多的1名我方的恢复无效状态，并恢复其30%的HP。	解除我方HP最低的1人的回復無效，並回復HP30%。
146	ストラパール	Stellapearl	史特拉珍珠	史特拉珍珠	HPが最も減っている味方1人の回復無効を解除し、HPを20%回復	Removes Nullify Recovery and restores HP by 20% to the ally with the lowest HP.	解除HP减少最多的1名我方的恢复无效状态，并恢复其20%的HP。	解除我方HP最低的1人的回復無效，並回復HP20%。
147	みなぎるドリンク	Energizing Drink	活力饮料	精力飲料	味方全員に「ターン開始時HP10%回復」を2回行動開始するまで付与	Restores all allies' HP by 10% at the start of the turn for 2 turns.	赋予我方全体“回合开始时，HP恢复10%”，回合开始2次后失效。	賦予我方全體「回合開始時，HP回復10%」，直到行動開始2次為止。
148	みなぎるドリンク	Energizing Drink	活力饮料	精力飲料	味方全員に「ターン開始時HP7%回復」を2回行動開始するまで付与	Restores all allies' HP by 7% at the start of the turn for 2 turns.	赋予我方全体“回合开始时，HP恢复7%”，回合开始2次后失效。	賦予我方全體「回合開始時，HP回復7%」，直到行動開始2次為止。
149	テネブルランス	Ténèbres Lance	防御长枪	暗黑長矛	敵全体に「突属性耐性-{0}%」を3回攻撃を受けるまで付与し、突属性ダメージ	Reduces all enemies' Stab resistance by {0}% for 3 attacks and deals Stab damage.	赋予敌方全体“突属性耐性-{0}%”，受到3次攻击后失效，并造成突刺属性伤害。	賦予敵方全體「突屬性耐性-{0}%」，直到受3次攻擊為止，並造成突屬性傷害。
150	テネブルランス	Ténèbres Lance	防御长枪	暗黑長矛	敵全体に「突属性耐性-{0}%」を3回攻撃を受けるまで付与し、突属性ダメージ	Reduces all enemies' Stab resistance by {0}% for 3 attacks and deals Stab damage.	赋予敌方全体“突属性耐性-{0}%”，受到3次攻击后失效，并造成突刺属性伤害。	賦予敵方全體「突屬性耐性-{0}%」，直到受3次攻擊為止，並造成突屬性傷害。
151	夢幻の羽衣	Dream Raiment	梦幻羽衣	夢幻羽衣	物攻が最も高い味方1人に「攻撃対象のHPが50%未満の時、スキルダメージ+{0}%」を2回行動終了するまで付与	Boosts skill damage of the ally with the highest P. ATK against attack targets with HP below 50% by {0}% for 2 turns.	赋予物攻最高的1名我方“当攻击目标HP低于50%时，技能伤害+{0}%”，2次行动结束后失效。	賦予我方物攻最高的1人「攻擊目標的HP未滿50%時，技能傷害+{0}%」，直到行動結束2次為止。
152	夢幻の羽衣	Dream Raiment	梦幻羽衣	夢幻羽衣	物攻が最も高い味方1人に「攻撃対象のHPが50%未満の時、スキルダメージ+{0}%」を2回行動終了するまで付与	Boosts skill damage of the ally with the highest P. ATK against attack targets with HP below 50% by {0}% for 2 turns.	赋予物攻最高的1名我方“当攻击目标HP低于50%时，技能伤害+{0}%”，2次行动结束后失效。	賦予我方物攻最高的1人「攻擊目標的HP未滿50%時，技能傷害+{0}%」，直到行動結束2次為止。
153	酸の霧雲	Acid Fog	酸性云雾	酸的霧雲	最大HPが最も高い敵1体に「火傷耐性-{0}%」を2回行動終了するまで付与し、「火傷」を超高確率で付与	Reduces Burn resistance of the enemy with the highest max HP by {0}% for 2 turns and has a very high chance to inflict Burn.	赋予HP上限最高的1名敌人“火伤耐性-{0}%”，2次行动结束后失效，以超高概率赋予“火伤”。	賦予HP最大值最高的1名敵方「燒傷耐性-{0}%」，直到行動2次為止，並以超高機率賦予「燒傷」。
154	酸の霧雲	Acid Fog	酸性云雾	酸的霧雲	最大HPが最も高い敵1体に「火傷耐性-{0}%」を2回行動終了するまで付与し、「火傷」を超高確率で付与	Reduces Burn resistance of the enemy with the highest max HP by {0}% for 2 turns and has a very high chance to inflict Burn.	赋予HP上限最高的1名敌人“火伤耐性-{0}%”，2次行动结束后失效，以超高概率赋予“火伤”。	賦予HP最大值最高的1名敵方「燒傷耐性-{0}%」，直到行動2次為止，並以超高機率賦予「燒傷」。
155	ピュアアロマ	Pure Aroma	纯净香薰	純香精油	敵全体に「全体攻撃から受けるブレイクダメージ+{0}%」を2回攻撃を受けるまで付与	Boosts all enemies' stun damage received from attacks that target all enemies by {0}% for 2 attacks.	赋予敌方全体“所受全体攻击破防伤害+{0}%”，受到2次攻击后失效。	賦予敵方全體「所受全體攻擊破防傷害+{0}%」，直到受2次攻擊為止。
156	ピュアアロマ	Pure Aroma	纯净香薰	純香精油	敵全体に「全体攻撃から受けるブレイクダメージ+{0}%」を2回攻撃を受けるまで付与	Boosts all enemies' stun damage received from attacks that target all enemies by {0}% for 2 attacks.	赋予敌方全体“所受全体攻击破防伤害+{0}%”，受到2次攻击后失效。	賦予敵方全體「所受全體攻擊破防傷害+{0}%」，直到受2次攻擊為止。
157	まごころチョコレート	Wholehearted Chocolate	真心巧克力	真心巧克力	味方全員に「アタッカーの時、スキルダメージ+{0}%」と「ブレイカーの時、ブレイクダメージ+{1}%」を2回付与	Boosts skill damage of all Attacker allies by {0}% and stun damage of all Breaker allies by {1}% for 2 turns.	赋予我方全体2次“若为攻击者，技能伤害+{0}%”和“若为破坏者，破防伤害+{1}%”。	賦予我方全體「為攻擊者時，技能傷害+{0}%」與「為破壞者時，破防傷害+{1}%」2次。
158	まごころチョコレート	Wholehearted Chocolate	真心巧克力	真心巧克力	味方全員に「アタッカーの時、スキルダメージ+{0}%」と「ブレイカーの時、ブレイクダメージ+{1}%」を2回付与	Boosts skill damage of all Attacker allies by {0}% and stun damage of all Breaker allies by {1}% for 2 turns.	赋予我方全体2次“若为攻击者，技能伤害+{0}%”和“若为破坏者，破防伤害+{1}%”。	賦予我方全體「為攻擊者時，技能傷害+{0}%」與「為破壞者時，破防傷害+{1}%」2次。
159	高火力錬金大砲	High-Power Alchemy Cannon	高火力炼金大炮	高火力鍊金大砲	現在HPが最も低い敵1体に打属性ダメージ	Deals Strike damage to the enemy with the lowest HP.	对当前HP最少的1名敌人造成打击属性伤害。	對目前敵方HP最低的1名造成打屬性傷害。
160	高火力錬金大砲	High-Power Alchemy Cannon	高火力炼金大炮	高火力鍊金大砲	現在HPが最も低い敵1体に打属性ダメージ	Deals Strike damage to the enemy with the lowest HP.	对当前HP最少的1名敌人造成打击属性伤害。	對目前敵方HP最低的1名造成打屬性傷害。
161	凍結破壊爆弾	Freeze Blast Bomb	冻结破坏炸弹	凍結破壞炸彈	敵全体に氷属性ダメージを与え、対象に「受けるブレイクダメージ+{0}%」を2回攻撃を受けるまで付与	Deals Ice damage to all enemies, and boosts target's stun damage received by {0}% for 2 attacks.	对敌方全体造成冰属性伤害，赋予目标“所受破防伤害+{0}%”，受到2次攻击后失效。	對敵方全體造成冰屬性傷害，並賦予目標「所受破防傷害+{0}%」，直到受2次攻擊為止。
162	凍結破壊爆弾	Freeze Blast Bomb	冻结破坏炸弹	凍結破壞炸彈	敵全体に氷属性ダメージを与え、対象に「受けるブレイクダメージ+{0}%」を2回攻撃を受けるまで付与	Deals Ice damage to all enemies, and boosts target's stun damage received by {0}% for 2 attacks.	对敌方全体造成冰属性伤害，赋予目标“所受破防伤害+{0}%”，受到2次攻击后失效。	對敵方全體造成冰屬性傷害，並賦予目標「所受破防傷害+{0}%」，直到受2次攻擊為止。
163	力のトーテム	Power Totem	力量图腾	力量圖騰	物攻が最も高い味方1人に「クリティカルダメージ+{0}%」を2回行動終了するまで付与 	Boosts critical damage of the ally with the highest P. ATK by {0}% for 2 turns.	赋予物攻最高的1名我方“暴击伤害+{0}%”，2次行动结束后失效。	賦予我方物攻最高的1人「重擊傷害+{0}%」，直到行動結束2次為止。
164	力のトーテム	Power Totem	力量图腾	力量圖騰	物攻が最も高い味方1人に「クリティカルダメージ+{0}%」を2回行動終了するまで付与 	Boosts critical damage of the ally with the highest P. ATK by {0}% for 2 turns.	赋予物攻最高的1名我方“暴击伤害+{0}%”，2次行动结束后失效。	賦予我方物攻最高的1人「重擊傷害+{0}%」，直到行動結束2次為止。
165	凶兆水	Ominous Water	凶兆水	凶兆水	最大HPが最も高い敵1体に、「受けるクリティカルダメージ+{0}%」を3回攻撃を受けるまで付与	Boosts critical damage received by the enemy with the highest max HP by {0}% for 3 attacks.	赋予HP上限最高的1名敌人“所受暴击伤害+{0}%”，受到3次攻击后失效。	賦予敵方HP最大值最高的1名「所受重擊傷害+{0}%」，直到受3次攻擊為止。
166	凶兆水	Ominous Water	凶兆水	凶兆水	最大HPが最も高い敵1体に、「受けるクリティカルダメージ+{0}%」を3回攻撃を受けるまで付与	Boosts critical damage received by the enemy with the highest max HP by {0}% for 3 attacks.	赋予HP上限最高的1名敌人“所受暴击伤害+{0}%”，受到3次攻击后失效。	賦予敵方HP最大值最高的1名「所受重擊傷害+{0}%」，直到受3次攻擊為止。
167	ピロソティー	Piro Sotea	焦味苏茶	焦味蘇茶	味方全員のHPを10%回復し、「火傷状態」と「毒状態」を解除	Restores all allies' HP by 10% and removes Burn and Poison.	恢复我方全体10%的HP，解除“火伤状态”和“中毒状态”。	回復我方全體HP10%，並解除「燒傷狀態」與「中毒狀態」。
168	ピロソティー	Piro Sotea	焦味苏茶	焦味蘇茶	味方全員のHPを5%回復し、「火傷状態」と「毒状態」を解除	Restores all allies' HP by 5% and removes Burn and Poison.	恢复我方全体5%的HP，解除“火伤状态”和“中毒状态”。	回復我方全體HP5%，並解除「燒傷狀態」與「中毒狀態」。
169	つけもの石	Weight Stone	渍物石	漬物石	敵全体に打属性ダメージ。対象がブレイク状態の時、このアイテムのダメージ+{0}%	Deals Strike damage to all enemies. When target is stunned, boosts item damage by {0}%.	对敌方全体造成打击属性伤害。目标陷入破防状态时，此道具的伤害+{0}%。	對敵方全體造成打屬性傷害。若目標處於破防狀態，此道具的傷害+{0}%。
170	つけもの石	Weight Stone	渍物石	漬物石	敵全体に打属性ダメージ。対象がブレイク状態の時、このアイテムのダメージ+{0}%	Deals Strike damage to all enemies. When target is stunned, boosts item damage by {0}%.	对敌方全体造成打击属性伤害。目标陷入破防状态时，此道具的伤害+{0}%。	對敵方全體造成打屬性傷害。若目標處於破防狀態，此道具的傷害+{0}%。
171	原初の力肉	Strength Meat	原初之力肉	原初的力肉	物攻が最も高い味方1人に「物理攻撃スキルダメージ+{0}%」を1回行動終了するまで付与(重複不可)	Boosts physical attack skill damage of the ally with the highest P. ATK by {0}% for 1 turn. (Cannot be stacked)	赋予物攻最高的1名我方“物理攻击技能伤害+{0}%”，1次行动结束后失效（不可重复）。	賦予我方物攻最高的1人「物理攻擊技能傷害+{0}%」，直到行動結束1次為止（不可重複）。
172	原初の力肉	Strength Meat	原初之力肉	原初的力肉	物攻が最も高い味方1人に「物理攻撃スキルダメージ+{0}%」を1回行動終了するまで付与(重複不可)	Boosts physical attack skill damage of the ally with the highest P. ATK by {0}% for 1 turn. (Cannot be stacked)	赋予物攻最高的1名我方“物理攻击技能伤害+{0}%”，1次行动结束后失效（不可重复）。	賦予我方物攻最高的1人「物理攻擊技能傷害+{0}%」，直到行動結束1次為止（不可重複）。
173	魔法の鎖	Magic Chain	魔法锁链	魔法鎖鏈	敵全体に「受けるブレイクダメージ+{0}%」を2回攻撃を受けるまで付与(重複不可)	Boosts all enemies' stun damage received by {0}% for 2 attacks. (Cannot be stacked)	赋予敌方全体“所受破防伤害+{0}%”，受到2次攻击后失效（不可重复）。	賦予敵方全體「所受破防傷害+{0}%」，直到受2次攻擊為止（不可重複）。
174	魔法の鎖	Magic Chain	魔法锁链	魔法鎖鏈	敵全体に「受けるブレイクダメージ+{0}%」を2回攻撃を受けるまで付与(重複不可)	Boosts all enemies' stun damage received by {0}% for 2 attacks. (Cannot be stacked)	赋予敌方全体“所受破防伤害+{0}%”，受到2次攻击后失效（不可重复）。	賦予敵方全體「所受破防傷害+{0}%」，直到受2次攻擊為止（不可重複）。
175	シェルペルホルン	Shellper Horn	谢尔佩尔号角	謝爾佩爾號角	味方全員に「クリティカル攻撃時、クリティカルダメージ+{0}%とブレイクダメージ+{1}%」を1回付与	Boosts all allies' critical damage on critical attack by {0}% and stun damage on critical attack by {1}% for 1 turn.	赋予我方全体1次“暴击时，暴击伤害+{0}%和破防伤害+{1}%”。	賦予我方全體「重擊攻擊時，重擊傷害+{0}%與破防傷害+{1}%」1次。
176	シェルペルホルン	Shellper Horn	谢尔佩尔号角	謝爾佩爾號角	味方全員に「クリティカル攻撃時、クリティカルダメージ+{0}%とブレイクダメージ+{1}%」を1回付与	Boosts all allies' critical damage on critical attack by {0}% and stun damage on critical attack by {1}% for 1 turn.	赋予我方全体1次“暴击时，暴击伤害+{0}%和破防伤害+{1}%”。	賦予我方全體「重擊攻擊時，重擊傷害+{0}%與破防傷害+{1}%」1次。
177	アジルチャクラム	Agile Chakram	灵动环刃	迅捷環刃	敵全体に「斬属性耐性-{0}%」を3回攻撃を受けるまで付与し、斬属性ダメージ	Reduces all enemies' Slash resistance by {0}% for 3 attacks and deals Slash damage.	赋予敌方全体“斩击属性耐性-{0}%”，受到3次攻击后失效，并造成斩击属性伤害。	賦予敵方全體「斬屬性耐性-{0}%」，直到受3次攻擊為止，並造成斬屬性傷害。
178	アジルチャクラム	Agile Chakram	灵动环刃	迅捷環刃	敵全体に「斬属性耐性-{0}%」を3回攻撃を受けるまで付与し、斬属性ダメージ	Reduces all enemies' Slash resistance by {0}% for 3 attacks and deals Slash damage.	赋予敌方全体“斩击属性耐性-{0}%”，受到3次攻击后失效，并造成斩击属性伤害。	賦予敵方全體「斬屬性耐性-{0}%」，直到受3次攻擊為止，並造成斬屬性傷害。
179	試作品うに袋	Prototype Uni Bag	试制海胆袋	試作品海膽袋	敵全体に突属性ダメージ	Deals Stab damage to all enemies.	对敌方全体造成突刺属性伤害。	對敵方全體造成突屬性傷害。
180	試作品うに袋	Prototype Uni Bag	试制海胆袋	試作品海膽袋	敵全体に突属性ダメージ	Deals Stab damage to all enemies.	对敌方全体造成突刺属性伤害。	對敵方全體造成突屬性傷害。
181	学生応援レッドゼリー	Student Support Red Jelly	学生应援红色果冻	援助學生紅色果凍	味方全員に「スキルダメージ+{0}%」を1回付与し、次のパネル{1}つを強化パネルに変換もしくは生成	Boosts all allies' skill damage by {0}% for 1 turn and converts the next {1} panel(s) into boost panels.	赋予我方全体1次“技能伤害+{0}%”，将接下来的{1}个面板变换或生成为强化面板。	賦予我方全體「技能傷害+{0}%」1次，並將以下{1}個面板轉換或形成為強化面板。
182	学生応援レッドゼリー	Student Support Red Jelly	学生应援红色果冻	援助學生紅色果凍	味方全員に「スキルダメージ+{0}%」を1回付与し、次のパネル{1}つを強化パネルに変換もしくは生成	Boosts all allies' skill damage by {0}% for 1 turn and converts the next {1} panel(s) into boost panels.	赋予我方全体1次“技能伤害+{0}%”，将接下来的{1}个面板变换或生成为强化面板。	賦予我方全體「技能傷害+{0}%」1次，並將以下{1}個面板轉換或形成為強化面板。
183	学生応援大盛定食	Student Support Extra-Large Meal	学生应援大份套餐	援助學生大份套餐	味方全員のHPを10%回復<br>回復後、対象に「スキルダメージ+{0}%」を1回行動終了するまで付与	Restores 10% HP to all allies. After recovery, boosts target's skill damage by {0}% for 1 turn.	恢复我方全体10%的HP。<br>恢复后，赋予目标“技能伤害+{0}%”，1次行动结束后失效。	回復我方全體HP10%。<br>回復後，賦予目標「技能傷害+{0}%」，直到行動結束1次為止。
184	学生応援大盛定食	Student Support Extra-Large Meal	学生应援大份套餐	援助學生大份套餐	味方全員のHPを5%回復<br>回復後、対象に「スキルダメージ+{0}%」を1回行動終了するまで付与	Restores 5% HP to all allies. After recovery, boosts target's skill damage by {0}% for 1 turn.	恢复我方全体5%的HP。<br>恢复后，赋予目标“技能伤害+{0}%”，1次行动结束后失效。	回復我方全體HP5%。<br>回復後，賦予目標「技能傷害+{0}%」，直到行動結束1次為止。
185	魔物除けスプレー	Monster Repellent Spray	防魔物喷雾	驅除魔物噴罐	敵全体に「暗闇」を1回行動終了するまで超高確率で付与	Very high chance to inflict Blindness on all enemies for 1 turn.	以超高概率赋予敌方全体“盲目”，1次行动结束后失效。	超高機率賦予敵方全體「盲目」，直到行動結束1次為止。
186	魔物除けスプレー	Monster Repellent Spray	防魔物喷雾	驅除魔物噴罐	敵全体に「暗闇」を1回行動終了するまで高確率で付与	High chance to inflict Blindness on all enemies for 1 turn.	以高概率赋予敌方全体“盲目”，1次行动结束后失效。	高機率賦予敵方全體「盲目」，直到行動結束1次為止。
187	試作品ルフト	Prototype Luft	试制品风精	試作品風精	敵全体に風属性ダメージ	Deals Air damage to all enemies.	对敌方全体造成风属性伤害。	對敵方全體造成風屬性傷害。
188	試作品ルフト	Prototype Luft	试制品风精	試作品風精	敵全体に風属性ダメージ	Deals Air damage to all enemies.	对敌方全体造成风属性伤害。	對敵方全體造成風屬性傷害。
189	学生応援ブルーゼリー	Student Support Energy Drink	学生应援蓝色果冻	援助學生藍色果凍	味方全員に「スキルダメージ+{0}%」を1回付与し、次のパネル{1}つをクリティカルパネルに変換もしくは生成	Boosts all allies' skill damage by {0}% for 1 turn and converts the next {1} panel(s) into critical panels.	赋予我方全体1次“技能伤害+{0}%”，将接下来的{1}个面板变换或生成为暴击面板。	賦予我方全體「技能傷害+{0}%」1次，並將接下來的{1}個面板轉換或形成為重擊面板。
190	学生応援ブルーゼリー	Student Support Energy Drink	学生应援蓝色果冻	援助學生藍色果凍	味方全員に「スキルダメージ+{0}%」を1回付与し、次のパネル{1}つをクリティカルパネルに変換もしくは生成	Boosts all allies' skill damage by {0}% for 1 turn and converts the next {1} panel(s) into critical panels.	赋予我方全体1次“技能伤害+{0}%”，将接下来的{1}个面板变换或生成为暴击面板。	賦予我方全體「技能傷害+{0}%」1次，並將接下來的{1}個面板轉換或形成為重擊面板。
191	学生応援健康定食	Student Support Balanced Meal	学生应援健康套餐	援助學生健康套餐	味方全員のHPを10%回復。回復後、HPが最も減っている味方1人のHPをさらに{0}%回復	Restores 10% HP to all allies. After recovery, restores an additional {0}% to the ally with the lowest HP.	恢复我方全体10%的HP。恢复后，再恢复HP最低的1名我方{0}%的HP。	回復我方全體HP10%。回復後再幫我方HP最低的1人回復HP{0}%。
192	学生応援健康定食	Student Support Balanced Meal	学生应援健康套餐	援助學生健康套餐	味方全員のHPを5%回復。回復後、HPが最も減っている味方1人のHPをさらに{0}%回復	Restores 5% HP to all allies. After recovery, restores an additional {0}% to the ally with the lowest HP.	恢复我方全体5%的HP。恢复后，再恢复HP最低的1名我方{0}%的HP。	回復我方全體HP5%。回復後再幫我方HP最低的1人回復HP{0}%。
193	魔物集めトラップ	Monster Gathering Trap	魔物诱捕陷阱	蒐集魔物陷阱	現在HPが最も高い敵1体に「麻痺」と「毒」を1回行動開始するまで超高確率で付与	Very high chance of inflicting Paralysis and Poison on the enemy with the highest HP for 1 turn.	超高概率赋予当前HP最高的1名敌方“麻痹”与“中毒”，回合开始1次后失效。	以超高機率賦予目前HP最高的1名敵方「麻痺」和「中毒」，直到開始行動1次為止。
194	魔物集めトラップ	Monster Gathering Trap	魔物诱捕陷阱	蒐集魔物陷阱	現在HPが最も高い敵1体に「麻痺」と「毒」を1回行動開始するまで高確率で付与	High chance of inflicting Paralysis and Poison to the enemy with the highest HP for 1 turn.	高概率赋予当前HP最高的1名敌方“麻痹”与“中毒”，回合开始1次后失效。	以高機率賦予目前HP最高的1名敵方「麻痺」和「中毒」，直到開始行動1次為止。
195	蛮勇の角笛	Barbaric Horn Whistle	蛮勇的角笛	蠻勇角笛	物攻が最も高い味方1人に「バーストスキルダメージ+{0}%」を2回行動終了するまで付与	Boosts burst skill damage of the ally with the highest P. ATK by {0}% for 2 turns.	赋予物攻最高的1名我方“爆发技能伤害+{0}%”，2次行动结束后失效。	賦予我方物攻最高的1人「爆發技能傷害+{0}%」，直到行動結束2次為止。
196	蛮勇の角笛	Barbaric Horn Whistle	蛮勇的角笛	蠻勇角笛	物攻が最も高い味方1人に「バーストスキルダメージ+{0}%」を2回行動終了するまで付与	Boosts burst skill damage of the ally with the highest P. ATK by {0}% for 2 turns.	赋予物攻最高的1名我方“爆发技能伤害+{0}%”，2次行动结束后失效。	賦予我方物攻最高的1人「爆發技能傷害+{0}%」，直到行動結束2次為止。
197	フェーダクナイ	Feder Kunai	飞羽苦无	飛羽苦無	敵全体に斬属性ダメージ	Deals Slash damage to all enemies.	对敌方全体造成斩击属性伤害。	對敵方全體造成斬屬性傷害。
198	フェーダクナイ	Feder Kunai	飞羽苦无	飛羽苦無	敵全体に斬属性ダメージ	Deals Slash damage to all enemies.	对敌方全体造成斩击属性伤害。	對敵方全體造成斬屬性傷害。
199	魔除けの霧吹き	Sprayer Talisman	除魔喷雾	除魔噴霧	味方全員に「自身がアタッカーの時、スキルダメージ+{0}%」を2回行動終了するまで付与	Boosts all Attacker allies' skill damage by {0}% for 2 turns.	赋予我方全体“自身为攻击者时，技能伤害+{0}%”，2次行动结束后失效。	賦予我方全體「自身為攻擊者時，技能傷害+{0}%」，直到行動結束2次為止。
200	魔除けの霧吹き	Sprayer Talisman	除魔喷雾	除魔噴霧	味方全員に「自身がアタッカーの時、スキルダメージ+{0}%」を2回行動終了するまで付与	Boosts all Attacker allies' skill damage by {0}% for 2 turns.	赋予我方全体“自身为攻击者时，技能伤害+{0}%”，2次行动结束后失效。	賦予我方全體「自身為攻擊者時，技能傷害+{0}%」，直到行動結束2次為止。
201	因果の鎖	Chain of Karma	因果之锁	因果之鎖	敵全体に「受ける斬属性ダメージ+{0}%」を2回攻撃を受けるまで付与	Boosts all enemies' Slash damage received by {0}% for 2 attacks.	赋予敌方全体“所受斩击属性伤害+{0}%”，受到2次攻击后失效。	賦予敵方全體「所受斬屬性傷害+{0}%」，直到受2次攻擊為止。
202	因果の鎖	Chain of Karma	因果之锁	因果之鎖	敵全体に「受ける斬属性ダメージ+{0}%」を2回攻撃を受けるまで付与	Boosts all enemies' Slash damage received by {0}% for 2 attacks.	赋予敌方全体“所受斩击属性伤害+{0}%”，受到2次攻击后失效。	賦予敵方全體「所受斬屬性傷害+{0}%」，直到受2次攻擊為止。
203	エクサボム	Exa-Bomb	究极炸弹	究極炸彈	敵全体に火属性ダメージ	Deals Fire damage to all enemies.	对敌方全体造成火属性伤害。	對敵方全體造成火屬性傷害。
204	エクサボム	Exa-Bomb	究极炸弹	究極炸彈	敵全体に火属性ダメージ	Deals Fire damage to all enemies.	对敌方全体造成火属性伤害。	對敵方全體造成火屬性傷害。
205	猛火の塗り薬	Inferno Ointment	猛火敷药	猛火敷藥	魔攻が最も高い味方1人に「火属性スキルダメージ+{0}%」を2回行動終了するまで付与	Ally with highest M. ATK deals {0}% more Fire skill damage for 2 turns.	赋予魔攻最高的1名我方“火属性技能伤害+{0}%”，2次行动结束后失效。	賦予我方魔攻最高的1人「火屬性技能傷害+{0}%」，直到行動結束2次為止。
206	猛火の塗り薬	Inferno Ointment	猛火敷药	猛火敷藥	魔攻が最も高い味方1人に「火属性スキルダメージ+{0}%」を2回行動終了するまで付与	Ally with highest M. ATK deals {0}% more Fire skill damage for 2 turns.	赋予魔攻最高的1名我方“火属性技能伤害+{0}%”，2次行动结束后失效。	賦予我方魔攻最高的1人「火屬性技能傷害+{0}%」，直到行動結束2次為止。
207	メディアの秘毒	Medea's Poison	美狄亚的秘毒	梅迪亞的秘毒	敵全体に「毒」を1回行動開始するまで超高確率で付与	Very high chance to inflict all enemies with Poison for 1 turn.	以超高概率赋予敌方全体“中毒”，回合开始1次后失效。	超高機率賦予敵方全體「中毒」，直到行動開始1次為止。
208	メディアの秘毒	Medea's Poison	美狄亚的秘毒	梅迪亞的秘毒	敵全体に「毒」を1回行動開始するまで高確率で付与	High chance to inflict all enemies with Poison for 1 turn.	以高概率赋予敌方全体“中毒”，回合开始1次后失效。	高機率賦予敵方全體「中毒」，直到行動開始1次為止。
209	しびれ毒液	Numbing Venom	麻痹毒液	麻痺毒液	敵全体に「麻痺」を1回行動開始するまで超高確率で付与	Very high chance to inflict all enemies with Paralysis for 1 turn.	以超高概率赋予敌方全体“麻痹”，回合开始1次后失效。	超高機率賦予敵方全體「麻痺」，直到行動開始1次為止。
210	しびれ毒液	Numbing Venom	麻痹毒液	麻痺毒液	敵全体に「麻痺」を1回行動開始するまで高確率で付与	High chance to inflict all enemies with Paralysis for 1 turn.	以高概率赋予敌方全体“麻痹”，回合开始1次后失效。	高機率賦予敵方全體「麻痺」，直到行動開始1次為止。
211	氷結の塗り薬	Frozen Ointment	冻结敷药	凍結敷藥	魔攻が最も高い味方1人に「氷属性スキルダメージ+{0}%」を2回行動終了するまで付与	Ally with highest M. ATK deals {0}% more Ice skill damage for 2 turns.	赋予魔攻最高的1名我方“冰属性技能伤害+{0}%”，2次行动结束后失效。	賦予我方魔攻最高的1人「冰屬性技能傷害+{0}%」，直到行動結束2次為止。
212	氷結の塗り薬	Frozen Ointment	冻结敷药	凍結敷藥	魔攻が最も高い味方1人に「氷属性スキルダメージ+{0}%」を2回行動終了するまで付与	Ally with highest M. ATK deals {0}% more Ice skill damage for 2 turns.	赋予魔攻最高的1名我方“冰属性技能伤害+{0}%”，2次行动结束后失效。	賦予我方魔攻最高的1人「冰屬性技能傷害+{0}%」，直到行動結束2次為止。
213	帯電の塗り薬	Charged Ointment	带电敷药	帶電敷藥	魔攻が最も高い味方1人に「雷属性スキルダメージ+{0}%」を2回行動終了するまで付与	Ally with highest M. ATK deals {0}% more Bolt skill damage for 2 turns.	赋予魔攻最高的1名我方“雷属性技能伤害+{0}%”，2次行动结束后失效。	賦予我方魔攻最高的1人「雷屬性技能傷害+{0}%」，直到行動結束2次為止。
214	帯電の塗り薬	Charged Ointment	带电敷药	帶電敷藥	魔攻が最も高い味方1人に「雷属性スキルダメージ+{0}%」を2回行動終了するまで付与	Ally with highest M. ATK deals {0}% more Bolt skill damage for 2 turns.	赋予魔攻最高的1名我方“雷属性技能伤害+{0}%”，2次行动结束后失效。	賦予我方魔攻最高的1人「雷屬性技能傷害+{0}%」，直到行動結束2次為止。
215	ドナーシュテルン	Lightning Stern	电导之星	電導之星	敵全体に雷属性ダメージ	Deals Bolt damage to all enemies.	对敌方全体造成雷属性伤害。	對敵方全體造成雷屬性傷害。
216	ドナーシュテルン	Lightning Stern	电导之星	電導之星	敵全体に雷属性ダメージ	Deals Bolt damage to all enemies.	对敌方全体造成雷属性伤害。	對敵方全體造成雷屬性傷害。
217	エーテルインキ	Ether Ink	以太墨水	乙太墨水	敵全体に「受ける雷属性ダメージ+{0}%」を2回攻撃を受けるまで付与	Boosts all enemies' Bolt damage received by {0}% for 2 attacks.	赋予敌方全体“所受雷属性伤害+{0}%”，受到2次攻击后失效。	賦予敵方全體「所受雷屬性傷害+{0}%」，直到受2次攻擊為止。
218	エーテルインキ	Ether Ink	以太墨水	乙太墨水	敵全体に「受ける雷属性ダメージ+{0}%」を2回攻撃を受けるまで付与	Boosts all enemies' Bolt damage received by {0}% for 2 attacks.	赋予敌方全体“所受雷属性伤害+{0}%”，受到2次攻击后失效。	賦予敵方全體「所受雷屬性傷害+{0}%」，直到受2次攻擊為止。
219	海の家特製かき氷	Beach House Special Shaved Ice	海边小屋特制刨冰	海之家特製刨冰	敵全体に氷属性ダメージ	Deals Ice damage to all enemies.	对敌方全体造成冰属性伤害。	對敵方全體造成冰屬性傷害。
220	海の家特製かき氷	Beach House Special Shaved Ice	海边小屋特制刨冰	海之家特製刨冰	敵全体に氷属性ダメージ	Deals Ice damage to all enemies.	对敌方全体造成冰属性伤害。	對敵方全體造成冰屬性傷害。
221	海の家特製オイル	Beach House Special Oil	海边小屋特制油	海之家特製油	味方全員に「アタッカーの時、スキルダメージ+{0}%」と「ブレイカーの時、ブレイクダメージ+{1}%」を1回付与	Boosts all Attacker allies' skill damage by {0}% for 1 turn and all Breaker allies' stun damage by {1}% for 1 turn.	赋予我方全体1次“身为攻击者时，技能伤害+{0}%”和“身为破坏者时，破防伤害+{1}%”。	賦予我方全體「為攻擊者時，技能傷害+{0}%」與「為破壞者時，破防傷害+{1}%」1次。
222	海の家特製オイル	Beach House Special Oil	海边小屋特制油	海之家特製油	味方全員に「アタッカーの時、スキルダメージ+{0}%」と「ブレイカーの時、ブレイクダメージ+{1}%」を1回付与	Boosts all Attacker allies' skill damage by {0}% for 1 turn and all Breaker allies' stun damage by {1}% for 1 turn.	赋予我方全体1次“身为攻击者时，技能伤害+{0}%”和“身为破坏者时，破防伤害+{1}%”。	賦予我方全體「為攻擊者時，技能傷害+{0}%」與「為破壞者時，破防傷害+{1}%」1次。
223	海の家特製焼きそば	Beach House Special Yakisoba	海边小屋特制炒面	海之家特製炒麵	味方全員の回復無効を解除し、HPを5%回復	Removes Nullify Recovery from all allies and restores all allies' HP by 5%.	解除我方全体的恢复无效状态，恢复5%的HP。	解除我方全體的回復無效，回復HP5%。
224	海の家特製焼きそば	Beach House Special Yakisoba	海边小屋特制炒面	海之家特製炒麵	味方全員の回復無効を解除し、HPを3%回復	Removes Nullify Recovery from all allies and restores all allies' HP by 3%.	解除我方全体的恢复无效状态，恢复3%的HP。	解除我方全體的回復無效，回復HP3%。
225	海の家特製トラップ	Beach House Special Trap	海边小屋特制陷阱	海之家特製陷阱	敵全体に「受ける氷属性ダメージ+{0}%」を2回攻撃を受けるまで付与	Boosts all enemies' Ice damage received by {0}% for 2 attacks.	赋予敌方全体“所受冰属性伤害+{0}%”，受到2次攻击后失效。	賦予敵方全體「所受冰屬性傷害+{0}%」，直到受2次攻擊為止。
226	海の家特製トラップ	Beach House Special Trap	海边小屋特制陷阱	海之家特製陷阱	敵全体に「受ける氷属性ダメージ+{0}%」を2回攻撃を受けるまで付与	Boosts all enemies' Ice damage received by {0}% for 2 attacks.	赋予敌方全体“所受冰属性伤害+{0}%”，受到2次攻击后失效。	賦予敵方全體「所受冰屬性傷害+{0}%」，直到受2次攻擊為止。
227	フワットケーキ	Velvety Pancakes	蓬松的蛋糕	蓬鬆的蛋糕	味方全員に「受けるダメージ-{0}%」を1回攻撃を受けるまで付与	Reduces all allies' damage received by {0}% for 1 attack.	赋予我方全体“所受伤害-{0}%”，受到1次攻击后失效。	賦予我方全體「所受傷害-{0}%」，直到受1次攻擊為止。
228	フワットケーキ	Velvety Pancakes	蓬松的蛋糕	蓬鬆的蛋糕	味方全員に「受けるダメージ-{0}%」を1回攻撃を受けるまで付与	Reduces all allies' damage received by {0}% for 1 attack.	赋予我方全体“所受伤害-{0}%”，受到1次攻击后失效。	賦予我方全體「所受傷害-{0}%」，直到受1次攻擊為止。
229	クイーンズクレイブ	Queen's Craving	皇后的渴望	女王的渴望	最大HPが最も低い敵1体に火属性ダメージを与え、<br>ターンを{0}ターン遅らせる	Deals Fire damage to the enemy with the lowest max HP and delays their turn by {0} turn(s).	对HP上限最低的1名敌人造成火属性伤害，<br>使其回合推迟{0}回合。	給予HP最大值最低的1名敵人火屬性傷害，<br>使其行動回合推遲{0}回合
230	クイーンズクレイブ	Queen's Craving	皇后的渴望	女王的渴望	最大HPが最も低い敵1体に火属性ダメージを与え、<br>ターンを{0}ターン遅らせる	Deals Fire damage to the enemy with the lowest max HP and delays their turn by {0} turn(s).	对HP上限最低的1名敌人造成火属性伤害，<br>使其回合推迟{0}回合。	給予HP最大值最低的1名敵人火屬性傷害，<br>使其行動回合推遲{0}回合
231	号令のホイッスル	Whistle of Command	号令哨子	號令之哨	物攻が最も高い味方1人に、「クリティカル確率+{0}%」と「クリティカルダメージ+{1}%」を2回行動終了するまで付与	Boosts critical rate by {0}% and critical damage by {1}% for the ally with the highest P. ATK for 2 turns.	赋予物攻最高的我方“暴击率+{0}%”和“暴击伤害+{1}%”，2次行动结束后失效。	賦予我方物攻最高的人「重擊率+{0}%」與「重擊傷害+{1}%」，直到行動結束2次為止。
232	号令のホイッスル	Whistle of Command	号令哨子	號令之哨	物攻が最も高い味方1人に、「クリティカル確率+{0}%」と「クリティカルダメージ+{1}%」を2回行動終了するまで付与	Boosts critical rate by {0}% and critical damage by {1}% for the ally with the highest P. ATK for 2 turns.	赋予物攻最高的我方“暴击率+{0}%”和“暴击伤害+{1}%”，2次行动结束后失效。	賦予我方物攻最高的人「重擊率+{0}%」與「重擊傷害+{1}%」，直到行動結束2次為止。
233	ブランクシチュー	Blank Stew	白色炖汤	白色燉湯	HPが最も減っている味方1人のHPを40%回復後、「受けるダメージ-{0}%」を1回攻撃を受けるまで付与	Restores HP of the ally with the lowest HP by 40%, then reduces damage received by {0}% for 1 attack.	赋予HP最低1名我方40%的HP，赋予“所受伤害-{0}%”，受到1次攻击后失效。	回復我方HP最低的1人HP40%後，賦予「所受傷害-{0}%」，直到受1次攻擊為止。
234	ブランクシチュー	Blank Stew	白色炖汤	白色燉湯	HPが最も減っている味方1人のHPを40%回復後、「受けるダメージ-{0}%」を1回攻撃を受けるまで付与	Restores HP of the ally with the lowest HP by 40%, then reduces damage received by {0}% for 1 attack.	赋予HP最低1名我方40%的HP，赋予“所受伤害-{0}%”，受到1次攻击后失效。	回復我方HP最低的1人HP40%後，賦予「所受傷害-{0}%」，直到受1次攻擊為止。
235	プレーンワッフル	Plain Waffle	原味华夫饼	原味鬆餅	HPが最も減っている味方のHPを25%回復後、対象のマイナス効果を解除する	Restores 25% HP to the ally with the lowest HP. After recovery, removes target's negative effects.	恢复HP减少最多的1名我方25%的HP。恢复后解除目标的负面效果。	回復我方HP最低者HP25%後，解除目標的減弱效果。
236	プレーンワッフル	Plain Waffle	原味华夫饼	原味鬆餅	HPが最も減っている味方のHPを15%回復後、対象のマイナス効果を解除する	Restores 15% HP to the ally with the lowest HP. After recovery, removes target's negative effects.	恢复HP减少最多的1名我方15%的HP。恢复后解除目标的负面效果。	回復我方HP最低者HP15%後，解除目標的減弱效果。
237	禁断の袋	Forbidden Pouch	禁忌锦囊	禁忌的袋子	最大HPが最も高い敵1体に、「状態異常耐性-{0}%」と「受ける物理攻撃ダメージ+{1}%」を2回付与	Inflicts status effect resistance -{0}% and received P. ATK damage +{1}% to enemy with the highest max HP for 2 turns.	赋予HP上限最高的1名敌人2次“异常状态耐性-{0}%”和“所受物理攻击伤害+{1}%”。	賦予敵方HP最大值最高的1名「異常狀態耐性-{0}%」與「所受物理攻擊傷害+{1}%」2次。
238	禁断の袋	Forbidden Pouch	禁忌锦囊	禁忌的袋子	最大HPが最も高い敵1体に、「状態異常耐性-{0}%」と「受ける物理攻撃ダメージ+{1}%」を2回付与	Inflicts status effect resistance -{0}% and received P. ATK damage +{1}% to enemy with the highest max HP for 2 turns.	赋予HP上限最高的1名敌人2次“异常状态耐性-{0}%”和“所受物理攻击伤害+{1}%”。	賦予敵方HP最大值最高的1名「異常狀態耐性-{0}%」與「所受物理攻擊傷害+{1}%」2次。
239	嘆きの毒煙瓶	Bottle of Poison	叹息毒烟瓶	嘆息毒煙瓶	最大HPが最も高い敵1体に、「受ける魔法攻撃ダメージ+{0}%」を2回攻撃を受けるまで付与し、「毒」を1回行動開始するまで超高確率で付与	Boosts magic attack damage received by the enemy with the highest max HP by {0}% for 2 attacks, and has a very high chance to inflict Poison on them for 1 turn.	赋予HP上限最高的1名敌人“所受魔法攻击伤害+{0}%”，受到2次攻击后失效，以超高概率赋予“中毒”，回合开始1次后失效。	賦予目前HP最高的1名敵人「所受魔法攻擊傷害+{0}%」，直到受2次攻擊為止，並以超高機率賦予「中毒」，直到行動開始1次為止。
240	嘆きの毒煙瓶	Bottle of Poison	叹息毒烟瓶	嘆息毒煙瓶	最大HPが最も高い敵1体に、「受ける魔法攻撃ダメージ+{0}%」を2回攻撃を受けるまで付与し、「毒」を1回行動開始するまで超高確率で付与	Boosts magic attack damage received by the enemy with the highest max HP by {0}% for 2 attacks, and has a very high chance to inflict Poison on them for 1 turn.	赋予HP上限最高的1名敌人“所受魔法攻击伤害+{0}%”，受到2次攻击后失效，以超高概率赋予“中毒”，回合开始1次后失效。	賦予目前HP最高的1名敵人「所受魔法攻擊傷害+{0}%」，直到受2次攻擊為止，並以超高機率賦予「中毒」，直到行動開始1次為止。
241	スペシャルミート	Special Meat	特等肉	特等肉	魔攻が最も高い味方1人に「魔法攻撃スキルダメージ+{0}%」を1回行動終了するまで付与(重複不可)	Boosts magic attack skill damage of the ally with the highest M. ATK by {0}% for 1 turn. (Cannot be stacked)	赋予魔攻最高的1名我方“魔法攻击技能伤害+{0}%”，1次行动结束后失效（不可叠加）。	賦予我方魔攻最高的1人「魔法攻擊技能傷害+{0}%」，直到行動結束1次為止（不可重複）。
242	スペシャルミート	Special Meat	特等肉	特等肉	魔攻が最も高い味方1人に「魔法攻撃スキルダメージ+{0}%」を1回行動終了するまで付与(重複不可)	Boosts magic attack skill damage of the ally with the highest M. ATK by {0}% for 1 turn. (Cannot be stacked)	赋予魔攻最高的1名我方“魔法攻击技能伤害+{0}%”，1次行动结束后失效（不可叠加）。	賦予我方魔攻最高的1人「魔法攻擊技能傷害+{0}%」，直到行動結束1次為止（不可重複）。
243	フェアニヒターメテオール				敵全体に雷属性ダメージを与え、対象に「受けるブレイクダメージ+{0}%」を2回攻撃を受けるまで付与			
244	フェアニヒターメテオール				敵全体に雷属性ダメージを与え、対象に「受けるブレイクダメージ+{0}%」を2回攻撃を受けるまで付与			
245	大巨人の鉄槌				敵全体に氷属性ダメージを与え、「素早さ-{0}%」を2回行動終了するまで付与			
246	大巨人の鉄槌				敵全体に氷属性ダメージを与え、「素早さ-{0}%」を2回行動終了するまで付与			
247	安らぎの灯火				魔攻が最も高い味方1人に「攻撃対象がブレイク状態の時、スキルダメージ+{0}%」を1回行動終了するまで付与			
248	安らぎの灯火				魔攻が最も高い味方1人に「攻撃対象がブレイク状態の時、スキルダメージ+{0}%」を1回行動終了するまで付与			
249	きずなチョコレート				味方全員に「受けるHP回復量+{0}%」を1回行動終了するまで付与し、HPを10%回復			
250	きずなチョコレート				味方全員に「受けるHP回復量+{0}%」を1回行動終了するまで付与し、HPを5%回復			
251	カンタムフラム				敵全体に火属性ダメージ後、対象に「受ける火属性ダメージ+{0}%」を2回行動終了まで付与			
252	カンタムフラム				敵全体に火属性ダメージ後、対象に「受ける火属性ダメージ+{0}%」を2回行動終了まで付与			
253	アイスエイジレヘルン				敵全体に氷属性ダメージ後、対象に「受ける氷属性ダメージ+{0}%」を2回行動終了まで付与			
254	アイスエイジレヘルン				敵全体に氷属性ダメージ後、対象に「受ける氷属性ダメージ+{0}%」を2回行動終了まで付与			
255	ケラウノスプラジグ				敵全体に雷属性ダメージ後、対象に「受ける雷属性ダメージ+{0}%」を2回行動終了まで付与			
256	ケラウノスプラジグ				敵全体に雷属性ダメージ後、対象に「受ける雷属性ダメージ+{0}%」を2回行動終了まで付与			
257	ゲリラストームルフト				敵全体に風属性ダメージ後、対象に「受ける風属性ダメージ+{0}%」を2回行動終了まで付与			
258	ゲリラストームルフト				敵全体に風属性ダメージ後、対象に「受ける風属性ダメージ+{0}%」を2回行動終了まで付与			
259	自走する鎖鎌				敵全体に斬属性ダメージ後、対象に「受ける斬属性ダメージ+{0}%」を2回行動終了まで付与			
260	自走する鎖鎌				敵全体に斬属性ダメージ後、対象に「受ける斬属性ダメージ+{0}%」を2回行動終了まで付与			
261	自立駆動型メテオール				敵全体に打属性ダメージ後、対象に「受ける打属性ダメージ+{0}%」を2回行動終了まで付与			
262	自立駆動型メテオール				敵全体に打属性ダメージ後、対象に「受ける打属性ダメージ+{0}%」を2回行動終了まで付与			
263	絡繰：針千本				敵全体に突属性ダメージ後、対象に「受ける突属性ダメージ+{0}%」を2回行動終了まで付与			
264	絡繰：針千本				敵全体に突属性ダメージ後、対象に「受ける突属性ダメージ+{0}%」を2回行動終了まで付与			
265	沈黙の丸薬				物攻が最も高い味方1人に「物理攻撃スキルダメージ+{0}%」と「受けるダメージ-{1}%」を1回付与			
266	沈黙の丸薬				物攻が最も高い味方1人に「物理攻撃スキルダメージ+{0}%」と「受けるダメージ-{1}%」を1回付与			
